id;inscricao;resultado;renda_media
0;87994;s;540.0
1;87995;s;909.6833333333334
2;87996;s;471.3333333333333
3;87997;s;350.005
4;88002;s;910.8733333333333
5;88006;n;850.0
6;88009;s;406.6666666666667
7;88010;s;477.0
8;88013;n;966.6666666666666
9;88015;s;200.0
10;88020;s;460.0
11;88021;s;280.0
12;88022;s;476.42
13;88024;s;818.0
14;88025;s;990.9119999999999
15;88040;s;238.5
16;88041;s;483.6666666666667
17;88042;s;562.9125
18;88043;s;611.5
19;88048;s;650.0
20;88053;s;624.6666666666666
21;88054;s;1228.0
22;88055;s;750.0
23;88057;n;1491.0
24;88059;s;199.33333333333334
25;88061;n;954.0
26;88062;n;1869.61
27;88063;s;379.88000000000005
28;88069;s;648.3333333333334
29;88071;n;225.0
30;88075;n;1533.74
31;88085;s;1034.25
32;88087;s;480.0
33;88088;s;312.3333333333333
34;88089;s;0.0
35;88090;s;792.6666666666666
36;88093;n;317.07
37;88096;s;425.76
38;88098;s;972.1999999999999
39;88102;s;385.3333333333333
40;88107;s;1225.0
41;88115;s;949.38
42;88117;s;228.25
43;88118;s;445.6666666666667
44;88122;s;150.0
45;88123;s;804.6
46;88129;s;1035.1399999999999
47;88141;s;1116.5833333333333
48;88149;s;290.0
49;88156;s;699.1199999999999
50;88166;s;370.8
51;88167;s;315.0
52;88179;s;363.5
53;88180;s;410.93
54;88189;s;543.3333333333334
55;88190;s;750.0
56;88192;s;1418.4775
57;88196;s;342.5
58;88197;n;361.5233333333333
59;88198;n;450.0
60;88201;s;1023.425
61;88203;n;1800.0
62;88204;s;343.0675
63;88205;s;200.0
64;88207;s;818.0
65;88210;s;234.25
66;88211;s;156.16666666666666
67;88214;s;238.5
68;88218;s;505.59999999999997
69;88225;s;782.5
70;88227;s;220.0
71;88229;s;1120.0
72;88235;s;224.665
73;88236;s;1226.6049999999998
74;88238;s;450.0
75;88241;s;500.0
76;88244;s;1052.5025
77;88248;n;624.0
78;88251;n;1044.3266666666666
79;88257;s;1274.685
80;88265;s;318.0
81;88267;s;914.0
82;88270;s;1323.2366666666667
83;88272;s;1270.5075
84;88276;s;550.0
85;88280;s;858.0
86;88281;s;867.2366666666667
87;88282;s;190.0
88;88283;s;92.5
89;88292;s;366.75
90;88297;s;318.0
91;88298;s;489.9
92;88299;s;472.6666666666667
93;88301;s;278.0
94;88306;n;1166.6666666666667
95;88310;s;535.0
96;88312;s;849.485
97;88313;s;400.00666666666666
98;88314;s;765.0
99;88315;s;681.49
100;88318;s;760.0
101;88319;s;318.0
102;88323;s;478.115
103;88324;s;804.75
104;88326;s;790.0
105;88328;n;1391.1733333333334
106;88335;s;674.75
107;88336;s;595.525
108;88343;s;778.75
109;88352;s;296.24
110;88354;n;331.7942857142857
111;88356;s;300.0
112;88362;s;567.0233333333333
113;88374;s;1069.2675
114;88384;s;468.79333333333335
115;88385;s;500.0
116;88386;s;636.0
117;88388;s;746.0
118;88390;s;783.6
119;88391;s;983.6075000000001
120;88397;s;400.0
121;88401;s;478.33
122;88404;s;950.45
123;88410;s;488.6775
124;88414;s;468.005
125;88419;n;900.0
126;88422;s;708.3000000000001
127;88425;n;499.25
128;88426;n;966.1433333333334
129;88427;s;833.3333333333334
130;88428;s;915.9
131;88429;s;400.0
132;88430;n;1156.6666666666667
133;88434;s;700.0
134;88435;n;700.0
135;88436;n;640.0
136;88438;s;642.356
137;88443;s;582.0433333333334
138;88448;s;806.1020000000001
139;88451;s;668.25
140;88469;s;876.88
141;88475;s;687.04
142;88481;n;769.25
143;88492;s;7642.6
144;88499;s;900.0
145;88500;s;250.0
146;88501;s;466.6666666666667
147;88502;n;375.0
148;88514;n;0.0
149;88516;s;345.0
150;88521;s;1181.816
151;88524;s;375.0
152;88532;s;446.77333333333337
153;88534;s;1168.0666666666666
154;88537;s;375.0
155;88540;s;658.0
156;88549;s;950.0
157;88550;n;751.5
158;88556;s;0.0
159;88558;s;230.0
160;88561;s;844.555
161;88566;n;450.8
162;88567;s;1000.0
163;88570;s;804.6375
164;88571;s;1283.7566666666664
165;88574;s;691.0
166;88575;s;417.975
167;88592;s;468.5
168;88593;s;468.505
169;88594;s;500.0
170;88598;s;333.3333333333333
171;88599;s;946.6666666666666
172;88602;s;816.9275
173;88605;s;793.3333333333334
174;88612;s;563.5
175;88613;s;849.0466666666666
176;88615;s;933.3333333333334
177;88616;s;996.075
178;88626;s;233.33333333333334
179;88627;s;1091.8766666666668
180;88635;n;833.3333333333334
181;88639;s;640.7766666666666
182;88641;s;200.0
183;88645;s;733.3266666666667
184;88646;s;800.7974999999999
185;88649;s;210.8
186;88655;s;166.66666666666666
187;88657;s;1075.0525
188;88663;s;320.65
189;88666;s;180.0
190;88671;s;559.25
191;88679;s;665.0
192;88680;s;500.005
193;88685;s;709.89
194;88688;s;815.2933333333334
195;88689;s;300.0
196;88692;n;1969.7624999999998
197;88695;s;312.3333333333333
198;88696;s;334.78000000000003
199;88699;n;427.06666666666666
200;88707;s;900.0
201;88709;s;100.0
202;88710;s;400.0
203;88715;s;238.5
204;88716;s;615.135
205;88719;s;1227.6666666666667
206;88722;s;482.22333333333336
207;88723;s;834.44
208;88728;s;558.125
209;88729;s;590.0
210;88732;s;817.89
211;88733;s;949.38
212;88740;s;334.1666666666667
213;88741;s;536.34
214;88747;s;283.25
215;88748;s;666.6666666666666
216;88752;s;375.0075
217;88754;n;1333.3333333333333
218;88755;s;0.0
219;88756;s;773.105
220;88757;s;833.34
221;88760;s;833.3333333333334
222;88762;s;234.8
223;88763;s;366.6666666666667
224;88770;s;550.0
225;88771;s;568.1
226;88774;s;477.0
227;88776;s;275.0
228;88777;s;302.0
229;88784;s;918.8933333333334
230;88790;s;1039.3333333333333
231;88792;n;500.0
232;88796;s;385.0
233;88797;n;600.0
234;88798;n;1008.2779999999999
235;88802;s;570.45
236;88803;s;380.0
237;88804;s;727.7275
238;88806;s;868.2
239;88807;s;600.0
240;88810;s;318.0
241;88812;s;697.84
242;88813;s;504.625
243;88814;s;636.0
244;88820;s;997.5
245;88821;s;937.0
246;88823;s;398.6666666666667
247;88824;s;1187.5
248;88828;s;333.3333333333333
249;88833;s;325.0
250;88839;n;501.73400000000004
251;88841;s;525.0
252;88842;s;651.7
253;88844;s;950.0
254;88845;s;1230.29
255;88846;s;1116.5
256;88854;s;815.1566666666666
257;88855;s;776.5733333333334
258;88857;s;1236.4025000000001
259;88859;s;600.0
260;88861;s;636.525
261;88864;s;1103.0149999999999
262;88865;s;75.83250000000001
263;88867;s;713.6666666666666
264;88869;s;627.0
265;88871;s;937.0
266;88872;s;477.0
267;88876;s;533.3333333333334
268;88879;s;751.2066666666666
269;88881;s;821.624
270;88882;s;374.0
271;88883;s;250.0
272;88886;s;374.0
273;88887;s;374.0
274;88899;s;413.0
275;88904;n;400.0
276;88905;s;466.6666666666667
277;88906;s;375.16428571428565
278;88910;s;1116.388
279;88911;n;993.75
280;88915;n;715.5
281;88916;s;1333.3333333333333
282;88927;s;834.5066666666667
283;88932;n;1069.0
284;88944;s;578.25
285;88946;s;799.475
286;88948;s;655.0
287;88951;s;866.4
288;88953;s;250.0
289;88956;s;274.0
290;88957;n;271.6
291;88958;s;991.8625
292;88961;s;500.0
293;88966;s;616.0
294;88971;s;765.0
295;88973;s;275.0
296;88977;s;732.25
297;88978;s;400.0
298;88980;s;1122.782
299;88983;s;200.0
300;88987;s;316.6666666666667
301;88988;s;712.3333333333334
302;88990;s;750.0
303;88991;n;750.0
304;88993;s;477.68
305;89003;n;668.5
306;89006;s;1199.76
307;89013;s;336.15
308;89017;s;685.6975
309;89022;s;1212.3333333333333
310;89028;s;332.3333333333333
311;89029;s;318.0
312;89036;s;421.65
313;89039;s;241.75
314;89042;n;1277.8525
315;89045;s;517.5
316;89046;s;480.51750000000004
317;89047;s;436.6666666666667
318;89048;s;654.6025
319;89056;s;324.3333333333333
320;89061;s;300.0
321;89062;s;502.19400000000013
322;89075;s;450.0
323;89077;s;933.925
324;89083;s;1244.072
325;89086;s;831.3774999999999
326;89091;s;706.9533333333333
327;89092;s;500.0
328;89094;s;1051.234
329;89096;s;312.3333333333333
330;89105;s;1044.774
331;89111;s;1060.6
332;89116;n;0.0
333;89120;s;783.71
334;89125;s;566.6666666666666
335;89128;s;190.8
336;89129;s;365.305
337;89134;s;482.4883333333334
338;89137;s;791.0099999999999
339;89147;s;555.8299999999999
340;89151;n;2821.1299999999997
341;89162;s;975.0
342;89163;n;1333.3333333333333
343;89164;s;425.0
344;89165;s;1361.78
345;89168;s;1015.0
346;89170;s;747.4
347;89181;s;750.0
348;89188;n;600.0
349;89189;s;485.89833333333337
350;89199;s;1300.7725
351;89202;n;1539.7
352;89207;s;480.0
353;89211;s;1188.7925
354;89212;s;0.0
355;89215;s;250.0
356;89216;s;287.2875
357;89218;s;1243.8400000000001
358;89223;s;529.8333333333334
359;89226;s;635.5
360;89231;s;250.0
361;89235;n;350.0
362;89236;s;468.47
363;89237;s;477.0
364;89242;s;948.3333333333334
365;89244;s;222.8
366;89251;s;505.6666666666667
367;89253;s;922.75
368;89254;s;1360.5
369;89263;s;430.67
370;89269;s;343.3333333333333
371;89271;s;690.9699999999999
372;89278;s;812.396
373;89280;s;333.3333333333333
374;89287;s;996.5
375;89291;s;318.0
376;89296;s;549.3333333333334
377;89300;s;973.65
378;89301;s;624.6666666666666
379;89304;n;448.75
380;89317;n;519.385
381;89324;s;652.6650000000002
382;89328;s;318.0
383;89330;s;559.0
384;89331;s;482.6666666666667
385;89334;n;389.79333333333335
386;89335;s;582.5
387;89336;s;917.1375
388;89338;s;434.4
389;89346;s;266.6666666666667
390;89356;s;549.8225
391;89365;s;1088.0825
392;89368;s;1390.465
393;89372;s;740.6666666666666
394;89373;s;454.6666666666667
395;89376;s;1175.0
396;89380;n;397.5
397;89385;s;780.25
398;89389;s;600.0
399;89393;s;337.5
400;89394;s;600.0
401;89397;s;666.6666666666666
402;89406;s;1037.5166666666667
403;89410;s;1000.0
404;89413;s;971.41
405;89414;s;682.115
406;89421;s;669.3333333333334
407;89423;s;855.4566666666666
408;89425;s;1000.0
409;89427;s;382.05
410;89430;s;432.6
411;89442;s;585.105
412;89443;s;559.72
413;89444;s;1064.1575
414;89445;s;1312.3333333333333
415;89447;s;353.0
416;89448;s;389.0
417;89450;s;667.15
418;89453;s;631.0600000000001
419;89459;s;665.4133333333333
420;89463;s;925.0
421;89467;s;468.225
422;89478;s;1317.2
423;89479;n;600.0
424;89487;s;312.3333333333333
425;89491;n;767.295
426;89502;s;85.2
427;89504;s;220.0
428;89505;s;1349.9775
429;89507;s;470.4266666666667
430;89508;s;715.0
431;89509;s;668.5
432;89512;s;954.0
433;89514;s;874.9975000000002
434;89515;s;312.34
435;89518;n;568.5
436;89519;s;1046.4
437;89521;s;1155.2224999999999
438;89522;s;266.6666666666667
439;89525;s;474.465
440;89526;s;580.75
441;89529;s;666.0
442;89531;s;767.1566666666668
443;89534;s;717.3333333333334
444;89539;s;833.25
445;89541;s;837.5
446;89547;s;380.0
447;89548;s;318.00666666666666
448;89559;s;1007.0
449;89562;s;477.0
450;89565;s;561.6666666666666
451;89568;s;190.8
452;89575;s;820.6
453;89579;n;1022.2525
454;89581;s;638.216
455;89582;s;623.3333333333334
456;89583;s;954.0
457;89586;s;536.5
458;89588;s;626.0
459;89589;s;900.0
460;89590;s;316.2
461;89592;s;855.0033333333334
462;89593;s;324.0
463;89597;s;1064.525
464;89598;s;500.0
465;89612;s;875.7966666666667
466;89614;s;550.0
467;89615;s;318.0
468;89619;s;333.71714285714285
469;89620;n;448.3333333333333
470;89625;s;1071.1833333333334
471;89631;n;751.7366666666667
472;89633;n;725.0
473;89638;s;544.6666666666666
474;89639;s;740.75
475;89645;s;814.46
476;89647;s;1225.2933333333333
477;89659;s;378.38166666666666
478;89660;s;850.0
479;89661;s;1055.5533333333333
480;89673;s;450.0
481;89674;s;1323.39
482;89678;s;420.65000000000003
483;89681;s;1128.5
484;89682;s;1292.82
485;89683;s;835.58
486;89684;s;800.0
487;89688;s;369.0
488;89692;s;265.0
489;89693;s;1073.0
490;89694;s;659.0
491;89697;s;613.11
492;89700;s;268.75
493;89709;s;432.5
494;89711;s;556.6666666666666
495;89712;s;1366.2033333333336
496;89715;s;877.3333333333334
497;89719;s;1408.8100000000002
498;89723;s;237.5
499;89727;s;487.5
500;89731;s;1186.9
501;89732;s;1138.7325
502;89743;s;521.8775
503;89747;s;328.62
504;89748;n;768.3333333333334
505;89761;s;980.182
506;89762;s;465.5
507;89767;s;1285.0
508;89769;n;212.2
509;89776;s;775.6800000000001
510;89777;n;1582.0933333333332
511;89781;n;950.0
512;89782;s;1100.0
513;89783;n;925.0
514;89785;s;477.0
515;89792;n;1075.0
516;89793;s;1239.3016666666667
517;89795;n;483.3333333333333
518;89798;n;1923.51
519;89799;s;305.3933333333333
520;89804;s;650.0
521;89806;s;667.0
522;89807;s;1038.775
523;89809;s;329.026
524;89810;s;1271.3333333333333
525;89813;s;212.5
526;89818;s;548.0
527;89821;s;425.63000000000005
528;89826;s;0.0
529;89828;s;653.75
530;89832;s;1150.7
531;89833;s;584.6666666666666
532;89844;s;530.9159999999999
533;89848;s;838.2275
534;89850;n;550.0
535;89853;s;1129.0
536;89855;s;569.3333333333334
537;89858;n;1000.0
538;89859;s;883.9000000000001
539;89864;s;583.3333333333334
540;89865;s;590.365
541;89868;s;350.44666666666666
542;89870;s;563.5
543;89879;s;375.6175
544;89883;s;1298.295
545;89894;n;532.58
546;89896;s;375.005
547;89897;s;500.0
548;89901;s;767.56
549;89902;s;861.8979999999999
550;89905;s;712.5
551;89906;n;318.0
552;89908;n;1466.28
553;89909;s;529.99
554;89918;s;773.5
555;89920;s;702.7525
556;89925;s;50.0
557;89926;s;350.0
558;89929;s;484.25
559;89934;n;846.4775
560;89939;s;878.8433333333332
561;89941;s;965.0
562;89947;s;566.6666666666666
563;89953;s;381.6
564;89956;s;318.0
565;89957;s;0.0
566;89962;s;300.0
567;89965;s;830.8525
568;89970;s;477.2
569;89977;s;0.0
570;89981;s;1019.205
571;89991;s;425.0
572;89995;s;375.0
573;89996;s;318.0
574;89997;s;916.8575
575;90000;s;621.985
576;90001;s;260.0
577;90004;s;1020.0
578;90007;s;423.75
579;90010;s;481.85
580;90011;s;477.0
581;90014;s;539.25
582;90016;s;477.0
583;90023;n;477.0
584;90025;s;492.6666666666667
585;90028;n;1200.0
586;90033;s;409.0
587;90036;s;704.52
588;90039;s;250.0
589;90042;s;210.415
590;90043;s;613.77
591;90045;s;437.0
592;90047;n;458.3333333333333
593;90048;n;0.0
594;90049;s;1206.1933333333334
595;90051;s;742.6666666666666
596;90053;s;400.0
597;90057;s;885.7975
598;90059;s;730.8
599;90060;n;1263.3466666666666
600;90063;s;948.7075
601;90068;s;427.812
602;90074;s;1034.35
603;90084;n;507.0
604;90085;s;424.3333333333333
605;90091;s;583.4024999999999
606;90092;s;433.3333333333333
607;90094;n;300.0
608;90095;s;436.31
609;90098;n;920.0
610;90101;n;1811.6625
611;90104;s;454.555
612;90106;s;400.0
613;90111;s;1068.5366666666666
614;90116;s;500.0
615;90117;s;1028.9733333333334
616;90121;s;162.33333333333334
617;90122;s;1360.8833333333334
618;90127;s;1212.9633333333334
619;90128;s;323.9925
620;90132;s;75.0
621;90136;n;400.0
622;90137;s;703.75
623;90138;s;333.3333333333333
624;90139;s;640.0
625;90141;s;625.2
626;90149;s;372.33
627;90150;s;437.6025
628;90158;s;218.898
629;90162;s;636.0
630;90167;s;1378.325
631;90170;s;858.7199999999999
632;90175;s;471.1025
633;90176;s;890.0
634;90186;s;739.3520000000001
635;90187;s;600.0
636;90188;s;744.35
637;90190;s;352.0
638;90193;s;306.0
639;90202;s;528.3333333333334
640;90208;s;476.3333333333333
641;90210;n;900.0
642;90211;s;673.2775
643;90212;s;312.3333333333333
644;90214;s;500.0
645;90216;s;273.25
646;90218;s;348.6666666666667
647;90219;n;608.5
648;90221;n;1200.0
649;90222;n;721.4766666666668
650;90226;s;600.0
651;90230;s;127.2
652;90231;s;462.0
653;90232;s;416.5
654;90233;s;431.365
655;90234;s;733.3333333333334
656;90236;n;400.0
657;90238;n;453.5825
658;90241;n;500.0
659;90243;s;1199.3799999999999
660;90244;s;630.0
661;90245;s;400.0
662;90246;n;336.3975
663;90247;s;475.0
664;90250;n;0.0
665;90259;s;407.0
666;90262;s;312.3333333333333
667;90263;s;393.625
668;90266;s;1290.67
669;90267;s;880.6666666666666
670;90273;s;312.3333333333333
671;90274;n;94.2
672;90275;s;283.3333333333333
673;90276;s;450.5225
674;90277;n;1500.0
675;90278;n;2162.516666666667
676;90280;s;192.8
677;90284;n;456.3157142857143
678;90290;s;160.83333333333334
679;90291;s;752.8425
680;90296;s;703.5
681;90297;s;655.89
682;90298;s;400.0
683;90300;s;678.88
684;90306;s;875.0
685;90308;n;1388.6666666666667
686;90309;n;1133.5675
687;90315;s;337.0
688;90319;s;881.4
689;90320;s;310.0
690;90321;s;300.0
691;90324;s;950.0
692;90332;n;600.0
693;90334;s;476.0
694;90338;s;350.0
695;90346;s;636.0
696;90351;n;300.0
697;90361;s;636.0
698;90362;s;636.0
699;90364;s;680.11
700;90365;s;570.0
701;90371;n;875.0
702;90376;n;200.0
703;90377;s;473.628
704;90579;s;300.0
705;91576;s;1125.0
706;92853;s;351.956
707;93017;s;660.0033333333333
708;93023;s;312.67333333333335
709;93175;s;833.3400000000001
710;93218;s;349.3333333333333
711;93679;s;666.6666666666666
712;93732;s;436.00600000000014
713;94025;s;300.0
714;94388;s;296.2
715;94615;s;550.0
716;95256;s;1090.0
717;95295;s;1139.575
718;95466;s;854.325
719;95481;n;468.5
720;95501;s;636.0
721;95538;s;560.0
722;95541;s;477.005
723;95545;s;350.0
724;95551;s;466.6666666666667
725;95554;n;1414.0
726;95566;s;625.0
727;95586;s;0.0
728;95598;s;233.34
729;95605;n;303.832
730;95609;s;700.0
731;95615;s;413.6666666666667
732;95617;s;500.0
733;95625;s;534.25
734;95654;s;559.44
735;95685;s;238.5
736;95687;s;492.5
737;95696;s;264.8333333333333
738;95699;s;604.8475
739;95702;s;400.0
740;95704;s;468.5
741;95707;s;612.3333333333334
742;95712;s;450.0
743;95721;s;534.5
744;95723;s;0.0
745;95728;s;482.5
746;95734;s;477.0
747;95751;s;300.0
748;95752;s;225.0
749;95757;s;424.53
750;95765;s;960.0
751;95770;s;622.5
752;95777;s;352.0
753;95778;s;616.5625
754;95780;n;120.0
755;95783;s;375.0
756;95787;s;760.0
757;95789;n;200.0
758;95791;s;251.25
759;95793;s;1065.0
760;95800;s;723.5975
761;95803;s;333.3333333333333
762;95806;s;360.0
763;95809;s;1657.6225
764;95810;s;375.0
765;95811;s;214.22
766;95817;s;543.0833333333334
767;95819;s;0.0
768;95822;s;0.0
769;95823;s;477.0
770;95843;s;163.5
771;95847;s;613.5
772;95848;s;395.0
773;95850;s;266.6666666666667
774;95854;s;687.64
775;95856;s;518.0
776;95858;s;250.0
777;95859;s;500.0
778;95860;s;575.0
779;95862;s;813.0
780;95864;s;590.8
781;95865;n;234.25
782;95866;s;0.0
783;95869;s;873.0
784;95870;s;318.0
785;95872;s;0.0
786;95875;s;250.0
787;95880;n;137.0
788;95886;s;1214.7450000000001
789;95894;s;1104.495
790;95899;s;325.0
791;95900;n;1894.0075
792;95902;s;422.01
793;95906;s;333.3333333333333
794;95911;s;1123.5
795;95913;n;320.0
796;95914;s;0.0
797;95916;s;655.0
798;95918;s;450.0
799;95921;n;318.0
800;95922;n;220.0
801;95926;s;200.0075
802;95927;n;300.0
803;95928;s;925.0
804;95929;n;500.0
805;95930;s;366.6666666666667
806;95933;s;0.0
807;95937;n;0.0
808;95940;s;1133.3333333333333
809;95942;s;371.0
810;95946;s;538.5
811;95948;s;499.75
812;95949;n;318.0
813;95955;s;234.25
814;95961;s;366.6666666666667
815;95965;n;1500.0
816;95967;s;460.0
817;95970;s;477.0
818;95981;s;220.13
819;95982;s;389.875
820;95984;n;477.0
821;95988;s;400.0
822;95997;s;784.25
823;95999;s;237.5
824;96002;s;636.0
825;96006;n;482.95200000000006
826;96007;n;318.0
827;96009;n;1744.0614285714287
828;96012;s;950.0
829;96013;s;800.0
830;96015;s;477.0
831;96016;s;475.0
832;96017;n;352.0
833;96018;n;1125.0
834;96021;s;400.0
835;96029;n;85.0
836;96037;s;213.0
837;96038;s;363.5
838;96039;s;849.0
839;96049;s;375.0
840;96052;s;300.0
841;96059;s;917.3333333333334
842;96060;s;375.0
843;96064;s;701.3333333333334
844;96065;s;238.75
845;96068;n;500.0
846;96080;s;636.0
847;96086;s;883.9866666666667
848;96098;s;297.25
849;96099;s;300.0
850;96100;s;875.0
851;96114;s;363.5
852;96115;s;438.53599999999994
853;96120;s;550.0
854;96127;s;732.0
855;96135;s;592.5
856;96137;s;395.0
857;96139;n;933.3333333333334
858;96141;s;650.0
859;96143;n;1000.0
860;96148;s;238.5
861;96159;s;588.8133333333334
862;96171;s;830.0
863;96173;s;825.0
864;96174;s;700.0
865;96176;s;318.0
866;96187;n;300.0
867;96195;s;250.0
868;96237;s;300.0
869;96241;n;0.0
870;96243;s;794.0
871;96244;s;600.0
872;96245;s;214.0
873;96307;s;477.83
874;96309;s;900.0
875;96310;s;420.7266666666667
876;96311;n;860.3333333333334
877;96312;n;1702.2733333333333
878;96316;n;1200.0
879;96317;s;769.885
880;96318;s;238.5
881;96320;s;1000.0075
882;96321;n;283.02
883;96322;s;1250.0
884;96323;n;600.0
885;96324;s;546.81
886;96327;s;535.9
887;96328;s;450.0
888;96331;s;764.0
889;96332;s;547.825
890;96333;s;757.5
891;96334;s;670.404
892;96335;s;865.35
893;96336;n;238.5
894;96337;s;1178.865
895;96338;s;505.855
896;96339;s;995.0
897;96341;s;1230.71
898;96343;n;477.0
899;96344;n;449.72800000000007
900;96345;s;38.160000000000004
901;96347;s;1005.9933333333333
902;96348;n;750.0
903;96353;s;159.00666666666666
904;96354;s;556.6666666666666
905;96356;s;468.5
906;96358;s;638.6075000000001
907;96360;s;666.6666666666666
908;96361;s;600.0
909;96362;s;671.0
910;96367;s;783.2633333333333
911;96368;s;566.6666666666666
912;96369;s;83.33333333333333
913;96370;n;600.0
914;96371;s;1048.5
915;96374;s;595.336
916;96375;s;1400.0
917;96376;s;715.5
918;96378;s;483.0
919;96380;s;500.0
920;96383;s;507.366
921;96385;s;420.0
922;96388;n;750.0075000000002
923;96390;s;318.0
924;96392;n;519.385
925;96395;s;426.40333333333336
926;96396;s;0.0
927;96397;s;802.5
928;96398;s;721.4866666666667
929;96399;s;238.5
930;96402;s;500.0
931;96405;s;191.4
932;96407;s;315.0
933;96408;s;600.0
934;96409;s;477.74
935;96410;n;1322.8880000000001
936;96411;s;600.0
937;96412;s;318.0
938;96413;s;942.0
939;96417;s;533.3333333333334
940;96418;s;233.33333333333334
941;96419;s;200.0
942;96420;s;266.6666666666667
943;96421;n;300.0
944;96424;s;715.5
945;96425;n;453.5
946;96427;s;252.2825
947;96428;s;1030.1999999999998
948;96429;s;612.0
949;96430;n;468.5
950;96431;s;730.0
951;96432;s;821.97
952;96433;s;600.0
953;96436;s;600.005
954;96438;n;1250.0
955;96440;n;493.3333333333333
956;96441;s;750.005
957;96442;s;458.5
958;96443;s;600.0
959;96444;s;925.0
960;96445;s;522.6666666666666
961;96446;s;1247.3999999999999
962;96448;s;615.4
963;96449;s;700.744
964;96451;s;925.0
965;96454;n;366.808
966;96456;n;287.6
967;96458;s;1131.315
968;96459;s;669.02
969;96460;s;1351.8
970;96461;s;350.0
971;96462;s;658.725
972;96467;n;477.0
973;96471;s;1150.0
974;96472;s;695.0
975;96473;s;450.0
976;96474;n;400.0
977;96479;s;1100.0
978;96481;s;954.0
979;96482;s;512.4233333333333
980;96483;n;1000.0
981;96485;s;398.33599999999996
982;96486;s;900.0033333333334
983;96488;s;624.0
984;96492;s;584.6666666666666
985;96493;n;0.0
986;96501;s;1265.0
987;96504;n;700.0
988;96506;s;308.75
989;96508;s;387.0
990;96511;s;242.5
991;96513;s;373.3333333333333
992;96514;s;1117.8
993;96515;s;1211.5
994;96516;s;1000.0
995;96520;s;435.96000000000004
996;96521;n;1235.0
997;96522;n;998.0
998;96523;s;869.0
999;96527;s;600.0
1000;96529;s;1312.935
1001;96530;s;200.0
1002;96532;s;450.0
1003;96533;s;318.0
1004;96534;n;300.0
1005;96535;n;526.1666666666666
1006;96536;s;318.0
1007;96537;s;954.0
1008;96538;s;650.0
1009;96540;s;1202.41
1010;96541;s;619.0
1011;96543;s;342.3333333333333
1012;96544;s;1000.0
1013;96545;n;750.0
1014;96547;s;530.0
1015;96548;s;1065.0
1016;96550;s;1216.54
1017;96551;s;1101.5
1018;96552;s;925.2166666666667
1019;96556;n;1000.0
1020;96558;s;561.805
1021;96559;s;896.0
1022;96560;s;0.0
1023;96561;n;314.0
1024;96563;s;468.5
1025;96564;n;486.8916666666667
1026;96567;s;237.5
1027;96570;s;675.065
1028;96571;s;1214.7166666666667
1029;96576;s;1040.0040000000001
1030;96577;n;320.0
1031;96579;s;677.0
1032;96580;s;863.5
1033;96581;s;280.0
1034;96584;n;0.0
1035;96585;s;544.25
1036;96586;s;789.025
1037;96591;n;318.0
1038;96592;s;388.505
1039;96593;s;407.5
1040;96595;s;646.8433333333334
1041;96597;n;0.0
1042;96598;s;286.2
1043;96600;s;623.83
1044;96601;s;1402.57
1045;96602;n;750.0
1046;96604;n;370.0
1047;96605;s;926.0
1048;96610;s;487.5
1049;96612;n;483.3333333333333
1050;96615;s;400.0
1051;96617;s;255.0
1052;96622;s;603.275
1053;96624;s;661.5
1054;96625;s;636.0
1055;96627;s;411.226
1056;96628;n;225.33333333333334
1057;96631;s;903.75
1058;96632;s;967.2425000000001
1059;96633;s;200.0
1060;96634;s;1135.4833333333333
1061;96635;s;718.215
1062;96637;s;190.0
1063;96639;s;667.3333333333334
1064;96641;n;1815.0766666666666
1065;96642;s;790.7325000000001
1066;96643;s;318.0
1067;96644;s;233.33333333333334
1068;96651;s;0.0
1069;96653;n;663.7825
1070;96654;s;500.0
1071;96658;s;800.005
1072;96659;s;800.0
1073;96663;s;1072.625
1074;96666;n;2578.682
1075;96669;s;403.57
1076;96673;s;569.1383333333333
1077;96674;s;617.0
1078;96675;n;550.0
1079;96677;s;544.9933333333333
1080;96678;s;400.0
1081;96679;s;711.99
1082;96682;s;130.0
1083;96683;s;942.955
1084;96685;s;1127.365
1085;96686;s;350.0
1086;96688;s;519.35
1087;96689;s;807.155
1088;96691;s;238.5
1089;96694;s;465.0
1090;96696;n;900.0
1091;96697;n;823.5
1092;96698;s;387.8333333333333
1093;96700;n;2000.0
1094;96701;s;592.5
1095;96702;s;770.758
1096;96703;n;2000.0
1097;96706;n;500.0
1098;96708;n;442.33
1099;96716;s;313.3333333333333
1100;96718;n;1361.315
1101;96719;s;894.0066666666667
1102;96724;s;526.75
1103;96725;n;1385.95
1104;96726;n;200.0
1105;96727;s;663.1775
1106;96728;s;362.5
1107;96731;s;477.0
1108;96732;s;680.7025
1109;96738;s;680.0
1110;96744;s;600.0
1111;96745;s;425.0
1112;96747;s;300.0
1113;96749;s;818.1100000000001
1114;96755;s;896.13
1115;96756;s;575.0
1116;96758;s;451.7966666666667
1117;96761;s;200.0075
1118;96764;s;1173.0
1119;96767;n;1824.8775
1120;96768;s;636.0
1121;96770;s;550.0
1122;96773;s;732.5
1123;96774;s;500.0
1124;96775;s;733.3333333333334
1125;96776;s;312.3333333333333
1126;96780;s;989.6525
1127;96781;s;354.6033333333333
1128;96784;s;250.0
1129;96787;s;735.0
1130;96788;n;463.82666666666665
1131;96790;n;1457.4725
1132;96791;s;137.66666666666666
1133;96793;s;450.1675
1134;96794;s;667.3333333333334
1135;96795;n;357.14285714285717
1136;96796;n;500.0
1137;96798;s;750.0
1138;96799;n;0.0
1139;96801;s;984.5966666666667
1140;96802;s;477.0
1141;96804;n;0.0
1142;96806;s;500.005
1143;96807;s;588.53
1144;96808;s;750.0
1145;96809;s;603.285
1146;96810;s;390.3333333333333
1147;96811;s;477.0
1148;96813;s;500.005
1149;96815;s;1080.5833333333333
1150;96817;s;893.7533333333334
1151;96818;s;400.0
1152;96819;n;475.2
1153;96821;s;381.6
1154;96825;s;855.57
1155;96826;s;318.0
1156;96827;s;245.0
1157;96828;s;0.0
1158;96830;s;0.0
1159;96831;s;866.6666666666666
1160;96833;s;875.0
1161;96834;s;1165.1499999999999
1162;96835;n;1333.3333333333333
1163;96836;s;853.6
1164;96838;s;782.7025
1165;96840;n;504.512
1166;96842;s;420.0
1167;96843;s;333.34
1168;96844;s;738.9333333333334
1169;96845;s;434.0
1170;96848;s;804.64
1171;96851;s;800.0
1172;96854;s;667.9133333333333
1173;96855;s;1152.81
1174;96856;s;348.3666666666666
1175;96858;s;577.7975
1176;96859;n;840.0
1177;96860;n;1200.0
1178;96863;s;943.2366666666667
1179;96864;s;1336.01
1180;96866;n;1050.0
1181;96867;s;700.0
1182;96868;s;903.9166666666666
1183;96869;s;937.0
1184;96871;n;300.0
1185;96872;s;450.0
1186;96874;s;464.935
1187;96877;n;1188.9333333333334
1188;96878;n;712.8
1189;96879;s;743.3333333333334
1190;96882;s;200.0
1191;96883;s;925.4100000000001
1192;96885;s;675.0
1193;96886;s;314.486
1194;96887;s;954.0
1195;96888;s;753.394
1196;96889;n;137.5
1197;96890;n;500.0
1198;96892;s;633.3333333333334
1199;96894;s;355.0
1200;96895;s;1251.484
1201;96896;s;162.5
1202;96900;s;951.59
1203;96904;s;692.5
1204;96906;s;687.905
1205;96909;s;1077.67
1206;96910;s;1007.4533333333334
1207;96911;s;150.0
1208;96912;s;569.3333333333334
1209;96914;s;723.6575
1210;96915;s;625.0075
1211;96916;s;916.9466666666667
1212;96917;s;318.0
1213;96919;s;718.005
1214;96920;s;551.7125
1215;96921;s;994.6666666666666
1216;96922;s;720.7625
1217;96923;s;892.7025000000001
1218;96925;n;0.0
1219;96926;n;1919.7525
1220;96927;s;628.615
1221;96929;s;789.1675
1222;96936;s;779.442
1223;96937;s;1345.72
1224;96938;s;800.0
1225;96940;s;250.0
1226;96941;n;750.0
1227;96943;s;0.0
1228;96945;s;788.075
1229;96946;n;1100.0
1230;96947;s;900.0
1231;96949;s;778.0966666666667
1232;96951;s;159.0
1233;96952;s;952.5
1234;96953;s;609.375
1235;96954;n;979.8
1236;96956;s;688.745
1237;96957;n;340.0
1238;96959;s;238.5
1239;96961;s;500.0
1240;96962;s;300.0
1241;96963;s;872.2066666666666
1242;96964;s;583.0
1243;96966;n;714.2633333333333
1244;96969;s;175.0
1245;96970;s;429.6666666666667
1246;96972;s;871.1366666666667
1247;96973;s;650.0
1248;96974;s;436.2
1249;96975;s;300.0
1250;96976;s;500.0
1251;96978;s;200.0
1252;96979;s;333.3333333333333
1253;96980;s;874.255
1254;96982;s;543.455
1255;96983;s;986.5
1256;96985;s;471.7
1257;96987;s;961.0566666666667
1258;96988;s;250.0075
1259;96991;n;600.0
1260;96992;s;287.0
1261;96993;s;470.0
1262;96994;n;764.85
1263;96999;s;1053.3333333333333
1264;97001;s;886.3425
1265;97002;s;704.0
1266;97003;s;516.5
1267;97006;s;773.24
1268;97007;n;985.0
1269;97009;s;400.0
1270;97010;s;796.4
1271;97011;s;488.5
1272;97012;s;478.16999999999996
1273;97013;s;477.0
1274;97014;n;1269.955
1275;97015;s;445.0
1276;97016;s;437.365
1277;97017;s;584.6666666666666
1278;97019;s;634.2250000000001
1279;97022;s;366.67333333333335
1280;97024;n;600.0
1281;97026;s;1116.6666666666667
1282;97028;s;385.6675
1283;97029;s;468.5
1284;97030;s;941.315
1285;97033;s;555.84
1286;97035;s;150.0
1287;97037;s;413.5
1288;97039;s;636.0
1289;97040;s;700.0
1290;97042;s;1419.71
1291;97043;s;477.0
1292;97045;s;743.95
1293;97050;s;657.5
1294;97055;s;150.0
1295;97056;s;532.505
1296;97057;s;845.6666666666666
1297;97058;s;477.0
1298;97060;s;1055.6
1299;97063;s;500.0
1300;97064;s;318.0
1301;97065;s;740.88
1302;97069;s;474.6666666666667
1303;97071;s;268.3225
1304;97078;s;528.445
1305;97081;s;570.0
1306;97082;s;516.2574999999999
1307;97084;s;684.0
1308;97086;n;500.0
1309;97089;s;545.72
1310;97091;s;416.6666666666667
1311;97092;s;533.3333333333334
1312;97094;s;965.0
1313;97095;n;400.5
1314;97100;n;736.0
1315;97104;s;954.0
1316;97106;n;346.0
1317;97107;s;951.3733333333333
1318;97108;s;240.0
1319;97109;s;818.0
1320;97110;s;750.0
1321;97111;s;439.5
1322;97112;n;250.0
1323;97113;s;375.0
1324;97114;n;1344.775
1325;97115;s;918.5
1326;97116;s;509.3
1327;97117;s;245.0
1328;97119;s;1200.0
1329;97120;s;755.0
1330;97121;s;700.0
1331;97123;s;425.3333333333333
1332;97124;n;456.6066666666666
1333;97125;n;404.1066666666666
1334;97131;s;200.0
1335;97132;s;667.6666666666666
1336;97134;s;475.0
1337;97135;s;789.4200000000001
1338;97136;s;333.3333333333333
1339;97137;s;937.3366666666667
1340;97142;s;798.57
1341;97144;n;337.5075
1342;97145;s;400.0
1343;97146;s;678.175
1344;97147;s;537.5
1345;97149;s;0.0
1346;97150;s;510.57
1347;97151;s;224.4
1348;97152;s;238.5
1349;97154;s;477.0
1350;97155;s;537.0799999999999
1351;97156;s;325.0
1352;97158;s;789.06
1353;97159;s;53.333333333333336
1354;97161;s;285.6666666666667
1355;97162;s;400.0
1356;97165;s;1000.0
1357;97166;s;494.10249999999996
1358;97170;s;495.8333333333333
1359;97172;s;116.66666666666667
1360;97173;s;855.5975000000001
1361;97174;s;816.0
1362;97175;s;604.32
1363;97176;s;761.5
1364;97178;n;2257.755
1365;97180;s;663.5
1366;97181;n;729.86
1367;97183;s;340.56333333333333
1368;97201;s;1069.3999999999999
1369;97204;s;575.6666666666666
1370;97205;s;473.6433333333334
1371;97208;n;742.3333333333334
1372;97210;s;125.0
1373;97211;s;180.0
1374;97214;s;418.0
1375;97215;s;349.03999999999996
1376;97216;s;1276.0
1377;97217;s;589.7175
1378;97218;s;575.6899999999999
1379;97222;s;500.0
1380;97226;s;423.0
1381;97228;s;600.0
1382;97232;s;259.0
1383;97233;s;447.0
1384;97236;s;950.0
1385;97238;s;1352.005
1386;97244;s;637.6666666666666
1387;97246;n;0.0
1388;97248;s;1049.21
1389;97249;s;1019.615
1390;97250;n;972.25
1391;97253;s;1385.0
1392;97254;s;910.716
1393;97256;s;1113.0566666666666
1394;97257;s;666.6666666666666
1395;97259;s;660.1333333333333
1396;97260;s;357.75
1397;97264;s;711.88
1398;97265;s;775.32
1399;97266;s;410.3833333333334
1400;97269;s;318.0
1401;97270;n;43.75
1402;97272;s;0.0
1403;97273;s;83.33333333333333
1404;97275;s;675.8825
1405;97276;n;750.0
1406;97278;s;769.3333333333334
1407;97279;s;1000.0
1408;97281;s;1237.02
1409;97282;s;438.65
1410;97284;s;651.6666666666666
1411;97286;n;690.5
1412;97289;s;200.0
1413;97290;s;477.0
1414;97291;s;301.03
1415;97293;s;240.11599999999999
1416;97297;s;248.865
1417;97299;s;83.0
1418;97300;n;150.8775
1419;97301;s;600.005
1420;97305;s;483.5
1421;97306;n;930.0
1422;97309;s;527.52
1423;97312;s;1135.935
1424;97316;n;898.0
1425;97317;s;575.005
1426;97318;s;687.8733333333333
1427;97319;s;500.0
1428;97320;s;1179.1799999999998
1429;97323;s;400.005
1430;97324;n;500.0
1431;97327;s;0.0
1432;97328;n;1489.69
1433;97332;s;318.0
1434;97333;s;1030.4360000000001
1435;97335;s;1154.0
1436;97336;s;625.0
1437;97337;s;1050.8166666666668
1438;97338;s;200.0
1439;97339;n;1477.14
1440;97340;n;343.3333333333333
1441;97343;n;512.6666666666666
1442;97344;s;544.965
1443;97345;s;135.0
1444;97347;n;1439.3333333333333
1445;97348;s;1229.09
1446;97349;s;238.5025
1447;97350;s;257.4
1448;97351;s;530.0
1449;97353;s;464.33666666666664
1450;97354;n;893.5
1451;97356;n;497.53600000000006
1452;97357;s;600.0
1453;97358;s;318.0
1454;97360;s;1314.85
1455;97362;n;1407.1125000000002
1456;97363;s;558.0
1457;97364;n;455.0
1458;97365;s;633.535
1459;97366;s;0.0
1460;97367;s;666.6666666666666
1461;97368;s;1269.755
1462;97370;s;1195.6733333333334
1463;97371;s;650.0
1464;97372;n;429.3
1465;97373;n;532.5
1466;97375;s;463.5
1467;97376;s;450.0
1468;97377;n;477.0
1469;97378;n;381.6666666666667
1470;97379;s;419.0
1471;97380;n;2668.9
1472;97383;s;238.5075
1473;97384;n;475.0
1474;97385;s;569.5450000000001
1475;97386;n;384.6666666666667
1476;97388;s;901.6950000000002
1477;97389;s;750.005
1478;97390;s;1300.0
1479;97391;s;1019.79
1480;97392;s;477.5
1481;97394;s;717.465
1482;97395;s;118.74249999999999
1483;97398;s;285.005
1484;97401;s;233.33666666666667
1485;97404;s;581.6666666666666
1486;97405;s;725.0
1487;97406;s;0.0
1488;97407;s;258.0
1489;97408;s;580.0
1490;97410;s;140.0
1491;97411;s;97.5
1492;97412;s;1180.0
1493;97413;s;500.0
1494;97414;s;987.5
1495;97416;s;666.6666666666666
1496;97417;n;1078.8525
1497;97420;s;532.4466666666666
1498;97424;s;850.0
1499;97426;n;312.5
1500;97427;s;800.0
1501;97428;s;500.0
1502;97431;s;150.0
1503;97432;n;863.0066666666667
1504;97434;s;578.1133333333333
1505;97437;s;318.0
1506;97439;s;0.0
1507;97440;s;727.4649999999999
1508;97441;s;451.25
1509;97442;n;1687.8025000000002
1510;97444;s;662.9175
1511;97445;n;636.0
1512;97447;s;440.69
1513;97449;s;446.3333333333333
1514;97451;n;0.0
1515;97453;n;450.0
1516;97454;s;0.0
1517;97455;s;580.0
1518;97456;n;1311.7066666666667
1519;97457;s;375.0
1520;97458;s;685.2633333333333
1521;97459;n;400.0
1522;97460;s;0.005
1523;97461;s;318.0
1524;97462;s;953.18
1525;97463;n;549.6733333333333
1526;97464;s;1023.4066666666668
1527;97465;n;1900.0
1528;97466;s;470.565
1529;97467;s;475.0
1530;97468;s;627.0
1531;97469;s;403.71000000000004
1532;97470;s;923.9699999999999
1533;97471;s;468.5
1534;97472;s;600.0
1535;97473;s;1022.0
1536;97474;s;230.33333333333334
1537;97475;s;602.4100000000001
1538;97476;n;480.0
1539;97477;s;600.0
1540;97479;s;233.33333333333334
1541;97481;s;1346.5266666666666
1542;97482;n;318.0
1543;97483;n;500.0
1544;97484;n;500.0
1545;97486;n;0.0
1546;97487;s;692.2566666666667
1547;97488;s;700.3333333333334
1548;97489;s;833.3333333333334
1549;97490;s;600.0
1550;97491;n;1065.0
1551;97493;s;717.37
1552;97494;s;477.0
1553;97495;s;636.0
1554;97496;s;318.00666666666666
1555;97497;s;954.0
1556;97498;s;728.46
1557;97499;n;817.49
1558;97500;s;477.0
1559;97502;s;1344.026
1560;97503;s;961.015
1561;97505;n;527.6033333333334
1562;97510;n;616.6666666666666
1563;97511;n;1000.0
1564;97512;s;503.22333333333336
1565;97513;s;355.0
1566;97515;s;600.0
1567;97517;n;770.0
1568;97519;s;1184.08
1569;97520;s;187.4
1570;97521;s;238.5
1571;97522;s;588.8275000000001
1572;97523;s;100.0
1573;97526;n;458.3333333333333
1574;97527;s;725.0025
1575;97528;s;264.1525
1576;97529;s;266.25
1577;97530;s;727.0
1578;97531;s;339.226
1579;97532;s;1119.0
1580;97533;s;317.92
1581;97534;s;335.5
1582;97536;s;333.3333333333333
1583;97537;s;633.96
1584;97539;s;477.005
1585;97540;s;510.8425
1586;97541;s;500.005
1587;97543;n;318.0
1588;97544;s;492.325
1589;97545;s;215.0
1590;97546;s;949.895
1591;97547;s;1000.0
1592;97549;s;670.0
1593;97550;s;250.0
1594;97551;s;425.0
1595;97552;s;1204.88
1596;97555;s;0.0
1597;97556;s;833.3333333333334
1598;97557;s;636.0
1599;97558;s;688.875
1600;97560;s;316.31333333333333
1601;97561;s;477.0
1602;97564;s;849.25
1603;97565;n;0.0
1604;97566;s;492.6666666666667
1605;97567;n;468.35166666666663
1606;97569;s;669.3333333333334
1607;97570;s;530.0
1608;97572;s;791.315
1609;97573;s;678.3333333333334
1610;97575;s;311.9
1611;97576;s;348.066
1612;97579;s;477.0
1613;97581;s;477.15
1614;97584;s;417.0
1615;97586;s;610.505
1616;97587;s;976.6400000000001
1617;97588;s;671.6666666666666
1618;97589;s;1318.0
1619;97590;s;1369.3966666666668
1620;97593;s;485.0
1621;97594;n;577.25
1622;97595;s;901.2774999999999
1623;97596;s;344.9266666666667
1624;97597;n;300.0
1625;97598;n;333.3333333333333
1626;97599;s;1133.5
1627;97600;s;355.00333333333333
1628;97601;s;534.2275
1629;97602;s;533.8350000000002
1630;97603;n;890.2283333333334
1631;97604;n;569.0825
1632;97606;n;996.6666666666666
1633;97608;s;627.1225
1634;97609;s;658.5699999999999
1635;97612;s;704.6666666666666
1636;97613;s;1182.8
1637;97615;n;1124.25
1638;97617;s;650.0033333333333
1639;97619;s;750.0
1640;97621;s;318.0
1641;97622;s;954.0
1642;97623;s;1116.9750000000001
1643;97624;s;1116.9750000000001
1644;97625;s;276.6666666666667
1645;97626;n;318.0
1646;97627;s;591.1666666666666
1647;97632;s;450.0
1648;97633;s;1036.4466666666667
1649;97634;n;212.5
1650;97635;s;850.0
1651;97637;s;687.75
1652;97638;s;1369.3
1653;97639;s;417.6
1654;97640;s;238.5
1655;97642;s;578.75
1656;97643;s;950.41
1657;97644;s;739.6666666666666
1658;97645;s;1161.4924999999998
1659;97648;s;954.0
1660;97650;s;1141.41
1661;97651;s;0.0
1662;97654;s;1299.5
1663;97655;n;673.9066666666666
1664;97656;n;1077.3333333333333
1665;97657;s;250.0075
1666;97658;s;868.25
1667;97660;n;857.3333333333334
1668;97662;n;700.0
1669;97664;s;377.53999999999996
1670;97665;n;345.75
1671;97666;n;0.0
1672;97667;n;992.0
1673;97668;n;0.01
1674;97669;s;542.4
1675;97670;s;477.005
1676;97672;n;673.9066666666666
1677;97673;s;787.5
1678;97674;s;677.27
1679;97675;s;318.0
1680;97677;s;574.392
1681;97678;s;572.4
1682;97680;s;1369.9966666666667
1683;97682;n;1050.0
1684;97685;n;940.73
1685;97688;n;1402.565
1686;97692;s;300.0
1687;97693;s;540.69
1688;97697;s;333.3333333333333
1689;97698;s;954.0
1690;97699;s;974.3733333333333
1691;97700;s;0.0
1692;97701;s;586.53
1693;97702;s;433.3333333333333
1694;97703;n;1165.2
1695;97704;s;950.0
1696;97705;n;477.0
1697;97706;s;614.7657142857142
1698;97708;s;194.4
1699;97710;n;1346.925
1700;97711;s;0.0
1701;97712;s;1298.778
1702;97716;s;493.11
1703;97718;s;564.0066666666667
1704;97719;s;401.75
1705;97722;s;600.0
1706;97723;s;421.66499999999996
1707;97724;s;498.5540000000001
1708;97725;n;382.5
1709;97728;s;1225.0
1710;97729;s;225.25
1711;97731;s;1160.2633333333333
1712;97733;n;1576.804285714286
1713;97734;n;840.2133333333333
1714;97735;s;1038.1875
1715;97736;s;430.0
1716;97739;n;300.0
1717;97740;s;250.0
1718;97741;s;338.1875
1719;97743;s;505.63000000000005
1720;97745;s;988.5025
1721;97746;s;1000.0
1722;97747;n;424.6666666666667
1723;97748;s;425.3533333333333
1724;97750;s;625.0
1725;97751;s;1000.0
1726;97752;s;525.0375
1727;97753;s;0.0
1728;97754;s;625.0
1729;97755;n;581.0799999999999
1730;97756;s;636.0
1731;97757;n;1250.0
1732;97760;s;810.145
1733;97761;s;150.0075
1734;97762;n;1200.0
1735;97764;s;685.0
1736;97765;s;477.005
1737;97766;s;500.5
1738;97767;s;564.8266666666667
1739;97768;s;1304.54
1740;97769;n;0.0
1741;97771;s;1313.6575
1742;97772;s;282.0
1743;97773;n;1378.3333333333333
1744;97774;n;700.37
1745;97775;n;1300.0
1746;97777;s;857.2966666666667
1747;97779;s;920.0
1748;97782;s;3486.3925
1749;97786;s;446.5
1750;97787;s;904.0
1751;97788;n;1250.0
1752;97790;s;545.75
1753;97791;n;800.0
1754;97793;s;600.0
1755;97795;n;1094.8700000000001
1756;97796;s;799.3625
1757;97803;s;355.0
1758;97804;s;486.084
1759;97805;s;400.0
1760;97806;s;1000.0
1761;97807;s;607.9699999999999
1762;97808;n;1390.955
1763;97816;n;900.0
1764;97817;s;955.0
1765;97818;s;988.0
1766;97820;s;1255.9275
1767;97823;n;619.4200000000001
1768;97824;s;494.5
1769;97825;n;520.0
1770;97826;s;477.0
1771;97827;n;802.6666666666666
1772;97829;s;666.6733333333333
1773;97831;n;1076.3274999999999
1774;97832;n;1207.0
1775;97833;n;400.0
1776;97834;s;318.00666666666666
1777;97836;s;381.6
1778;97837;s;333.3333333333333
1779;97840;s;680.0959999999999
1780;97841;n;1325.0
1781;97842;n;1247.015
1782;97844;n;902.558
1783;97845;s;242.8
1784;97848;s;175.0
1785;97850;s;584.67
1786;97851;s;318.0
1787;97855;s;919.0466666666666
1788;97856;s;340.0
1789;97857;n;1875.0
1790;97858;s;541.0425
1791;97859;n;239.5
1792;97863;s;650.0
1793;97864;n;508.8
1794;97865;n;318.0
1795;97867;s;500.0
1796;97870;n;0.0
1797;97872;n;1300.0
1798;97874;n;770.4575
1799;97875;s;774.4066666666668
1800;97878;s;369.4216666666666
1801;97881;s;562.5075000000002
1802;97884;s;451.3333333333333
1803;97885;s;316.25
1804;97886;n;342.66499999999996
1805;97889;s;954.0
1806;97891;s;328.06666666666666
1807;97895;n;770.4575
1808;97898;s;1400.0
1809;97901;s;873.86
1810;97903;s;1388.0
1811;97907;n;775.0
1812;97908;s;954.005
1813;97914;n;775.0
1814;97915;n;300.0
1815;97917;s;1060.58
1816;97920;n;330.004
1817;97921;n;220.00799999999998
1818;97924;n;0.0
1819;97927;s;583.4933333333333
1820;97928;s;457.54333333333335
1821;97929;s;946.46
1822;97933;s;895.2166666666667
1823;97935;s;905.6
1824;97938;n;266.6666666666667
1825;97940;n;833.3333333333334
1826;97942;s;283.3333333333333
1827;97944;s;609.25
1828;97945;s;1380.0
1829;97947;s;103.33333333333333
1830;97948;n;453.1933333333333
1831;97951;s;691.6574999999999
1832;97958;s;737.0
1833;97965;s;242.28571428571428
1834;97967;n;1250.0
1835;97969;n;906.0
1836;97970;n;663.75
1837;97971;n;0.0
1838;97973;s;1195.5566666666666
1839;97980;s;300.0
1840;97981;s;478.005
1841;97989;s;125.2525
1842;97991;s;341.53999999999996
1843;97993;s;500.00666666666666
1844;97995;s;125.0
1845;97996;s;750.005
1846;97997;s;401.5571428571428
1847;97998;s;430.742
1848;98002;s;318.0
1849;98003;s;0.01
1850;98021;s;623.0216666666669
1851;98041;s;1.0
