codigo;deferimento;renda_mensal
96398;s;2164.46
96398;s;
96398;s;
88410;s;1954.71
88410;s;
88410;s;
88410;s;
90267;s;1700
90267;s;942
90267;s;
88024;s;
88024;s;954
88024;s;1500
90063;s;850
90063;s;2944.83
90063;s;
90063;s;
90579;s;900
90579;s;
90579;s;
96922;s;1200
90216;s;
90216;s;
90216;s;1093
90216;s;
96595;s;
97010;s;
97010;s;1182
97010;s;
97010;s;954
97010;s;1846
96595;s;
96595;s;1940.53
89918;s;447
89918;s;1100
90245;s;1200
90245;s;
90245;s;400
90245;s;
88167;s;1260
88167;s;
88167;s;
88167;s;
97218;s;1284.3
97218;s;442.77
97218;s;
89776;s;
89776;s;1000
89776;s;
89776;s;
89776;s;2878.4
89614;s;200
89614;s;2000
89614;s;
89614;s;
96021;s;
96021;s;
96021;s;
96021;s;
96021;s;2000
96922;s;1683.05
96922;s;
96922;s;
88043;s;
96631;s;1065
96631;s;
96631;s;
96631;s;2550
90324;s;1900
90324;s;
90162;s;
90162;s;954
90162;s;954
90324;s;950
88443;s;300
88443;s;1146.13
88443;s;300
96460;s;1351.8
96428;s;1014.33
96428;s;2629.47
96428;s;477
96428;s;
88806;s;
88806;s;3432
88806;s;909
88806;s;
88806;s;
90190;s;
90190;s;460
90190;s;
90190;s;1300
90190;s;
97639;s;
97639;s;
97639;s;
97639;s;1670.4
90187;s;600
97368;s;0.01
97368;s;0.01
97368;s;4602
97368;s;477
96826;s;
96826;s;954
96826;s;
88475;s;
88475;s;1107.12
88475;s;954
89844;s;
89844;s;2084.58
89844;s;
89844;s;
89844;s;570
88048;s;
88048;s;1300
89170;s;1500
89170;s;
89170;s;
89170;s;937
89170;s;1300
97349;s;954
97349;s;
97349;s;
97349;s;0.01
97013;s;954
97013;s;
88842;s;
88842;s;1837.95
88842;s;
88842;s;1420.55
88842;s;
89181;s;1500
89181;s;
88707;s;900
88438;s;2041.3
88438;s;
88438;s;1170.48
88438;s;
88438;s;
88570;s;1773.97
88570;s;1444.58
88570;s;
88570;s;
89094;s;1200
89094;s;
89094;s;
89094;s;
88881;s;2518.5
88881;s;
88881;s;1589.62
88881;s;
88881;s;
89094;s;4056.17
88966;s;1000
88966;s;848
88966;s;
89715;s;1600
89715;s;
89715;s;1032
97460;s;0.01
97460;s;
90016;s;954
90016;s;
96514;s;1117.8
97650;s;3124.22
97650;s;0.01
97650;s;300
97233;s;
97233;s;1788
97233;s;
97233;s;
88384;s;
88384;s;468.8
88384;s;
88384;s;
88384;s;926.47
88384;s;1417.49
88574;s;
90364;s;
90364;s;2040.33
90364;s;
88574;s;
88574;s;2073
89048;s;1023.76
89048;s;1594.65
89048;s;
89048;s;
89833;s;150
89833;s;650
89833;s;954
88821;s;937
88774;s;954
88774;s;
89251;s;
89251;s;1517
89251;s;
95843;s;327
95843;s;
88571;s;
88571;s;1118.34
88571;s;2732.93
95734;s;954
95734;s;
89013;s;381.6
89013;s;
89013;s;
89013;s;963
88236;s;
88236;s;954
88710;s;
88710;s;
88710;s;1600
88710;s;
88236;s;
88236;s;1236.94
88236;s;5168.69
88236;s;
89688;s;
89688;s;
89688;s;477
89688;s;468
89688;s;900
89879;s;
89879;s;
89879;s;
88022;s;952.84
88022;s;
89242;s;1908
89242;s;
89242;s;937
89879;s;1502.47
88645;s;1234.98
88645;s;965
88043;s;1389.5
88043;s;1200
88645;s;
90045;s;1311
88043;s;
88043;s;468
88567;s;
88567;s;3000
88567;s;
89712;s;400
89712;s;3698.61
89712;s;
89421;s;1054
89421;s;954
89421;s;
88599;s;
88599;s;2840
88599;s;
89263;s;
89263;s;
88770;s;300
88770;s;800
88391;s;
90122;s;1400
90122;s;2682.65
90122;s;
88391;s;1995.05
88391;s;1939.38
88391;s;
89263;s;
89263;s;1722.68
88312;s;
88312;s;
88312;s;2397.94
88312;s;1000
89962;s;
89962;s;
89962;s;
89962;s;
89962;s;1500
88857;s;3745.61
88857;s;
88857;s;1200
88857;s;
89335;s;
89335;s;1900
89335;s;430
89335;s;
88756;s;
88756;s;
88756;s;2522.42
89301;s;
89301;s;937
89301;s;937
88756;s;570
89813;s;300
88267;s;1035
89236;s;
89236;s;
89236;s;1405.41
88944;s;
88944;s;713
88944;s;
88944;s;1600
89813;s;550
89813;s;
89813;s;
88521;s;
88521;s;3236.63
88521;s;
90233;s;1725.46
90233;s;
90233;s;
88267;s;1035
88267;s;
88267;s;2500
88267;s;
89346;s;
89346;s;800
89346;s;
88085;s;3200
88085;s;
88085;s;
88085;s;937
88615;s;1400
88615;s;1400
88615;s;
88516;s;
88516;s;
88516;s;1035
88521;s;1068
88521;s;1604.45
90233;s;
89022;s;2280
89022;s;400
89022;s;957
88910;s;
88910;s;1106.16
88910;s;
88910;s;3041.24
88910;s;1434.54
89597;s;
88696;s;1673.9
88696;s;
88696;s;
88696;s;
88696;s;
89597;s;954
89597;s;3304.1
89597;s;
88063;s;1139.64
89509;s;
89509;s;2674
89509;s;
89509;s;
88149;s;
88149;s;1450
88149;s;
89727;s;
89727;s;975
88149;s;
88149;s;
88063;s;
88063;s;
88323;s;0.01
88323;s;1912.43
88323;s;0.01
88323;s;0.01
88204;s;
88204;s;
88501;s;
88501;s;
88501;s;1600
88501;s;
88501;s;1200
88501;s;
88872;s;
88204;s;1372.27
88204;s;
89459;s;
89459;s;1996.24
89459;s;
88872;s;954
90104;s;250
90104;s;
90104;s;977.33
90104;s;1500
90104;s;
90104;s;
89645;s;1662.82
89645;s;1609.48
89645;s;
89645;s;800
89645;s;
88679;s;1995
88679;s;
88679;s;
89586;s;
89586;s;1073
89997;s;
89997;s;1389.04
89997;s;1331
89997;s;947.39
90092;s;
90092;s;1300
90092;s;
89541;s;2500
89541;s;
89541;s;
89541;s;850
88020;s;
88020;s;
88020;s;
88020;s;
88020;s;2300
90170;s;
90170;s;1233
90170;s;1343.16
88657;s;
88657;s;4300.21
88657;s;
88657;s;
90244;s;
90244;s;1890
90244;s;
89120;s;
89120;s;1235.73
89120;s;1115.4
90297;s;655.89
90247;s;
90247;s;1900
90247;s;
90247;s;
89365;s;2000
89365;s;
89365;s;1316.33
90338;s;1400
90338;s;
90338;s;
89731;s;
89731;s;
89731;s;
89731;s;4747.6
88953;s;
88953;s;
88953;s;
88953;s;1000
89365;s;1036
89278;s;
89278;s;3333.1
89278;s;728.88
89278;s;
89278;s;
90338;s;
90377;s;968.14
90377;s;1400
90377;s;
90377;s;
89953;s;
89953;s;
90186;s;3696.76
90266;s;2581.34
90266;s;
88265;s;
88265;s;
88265;s;954
90186;s;
90186;s;
90186;s;
89953;s;
89953;s;954
89953;s;954
90377;s;
88886;s;935
95930;s;400
95930;s;300
95930;s;400
90106;s;
90106;s;
90106;s;1200
90186;s;
90045;s;
90045;s;
89793;s;4049.04
90208;s;1429
90208;s;
90208;s;
89445;s;400
89445;s;2500
89445;s;1037
88886;s;
88886;s;
88886;s;
88886;s;935
89970;s;
89970;s;
89970;s;
89970;s;1449
89970;s;937
88763;s;
88763;s;
88763;s;1100
89207;s;
89207;s;960
88864;s;
88864;s;
88864;s;2014.08
88864;s;2397.98
90346;s;
90346;s;954
90346;s;954
88762;s;924
88762;s;
89926;s;1400
89926;s;
89926;s;
89926;s;
88762;s;
89356;s;
89356;s;1058.63
89855;s;1708
89855;s;
89855;s;
89356;s;1140.66
89356;s;
88602;s;
88602;s;1652.46
88602;s;954
88602;s;661.25
88762;s;
88762;s;250
88225;s;2075
88225;s;
88225;s;
88225;s;1055
88733;s;
88733;s;2848.14
88733;s;
89046;s;954
89046;s;
89046;s;
89046;s;968.07
88390;s;2281
88390;s;350
88390;s;
88390;s;350
88390;s;937
89443;s;
89443;s;
89443;s;1679.16
88500;s;375
95598;s;0.01
95598;s;0.01
95598;s;700
88500;s;
88500;s;375
88054;s;
89147;s;696.66
89147;s;
89147;s;696.66
89147;s;830
89330;s;477
89330;s;
89330;s;1200
89223;s;1089.5
89223;s;500
89223;s;
89075;s;2700
89075;s;
89075;s;
89075;s;
89075;s;
89075;s;
88854;s;
88854;s;2445.47
88854;s;
88054;s;615
88054;s;
88054;s;1500
88054;s;4025
88492;s;9999.99
88492;s;9999.99
88492;s;9999.99
89017;s;1637.17
89017;s;
89017;s;
89017;s;1105.62
88315;s;
88180;s;
88180;s;
88180;s;1643.72
88180;s;
95687;s;
95687;s;1970
95687;s;
95862;s;1284.4
95862;s;
95862;s;
95862;s;1967.6
95687;s;
88492;s;570.43
96176;s;
96176;s;
96176;s;
96176;s;1272
88804;s;
88315;s;1200
88315;s;
88315;s;1525.96
96098;s;
96098;s;
96098;s;1189
96098;s;
88804;s;
88804;s;
88804;s;2910.91
89512;s;954
89512;s;954
96013;s;
96013;s;1600
88649;s;1054
88649;s;
88649;s;
88649;s;
88649;s;
89211;s;
89211;s;3818.17
89211;s;937
89211;s;
89693;s;1073
89693;s;1073
89693;s;1073
89693;s;1073
88427;s;2500
88427;s;
90218;s;
90218;s;
90218;s;1046
88427;s;
89487;s;937
89487;s;
89487;s;
88612;s;1300
88612;s;954
88612;s;
88612;s;
89505;s;2166.66
89505;s;
89505;s;2296.25
89505;s;937
89525;s;1197.86
89296;s;354
89296;s;940
89296;s;354
89809;s;954
89809;s;691.13
89809;s;
89809;s;
89809;s;
89525;s;
89525;s;
89525;s;700
89785;s;
89785;s;954
90263;s;280
90263;s;
90263;s;1294.5
90263;s;
89810;s;2860
89810;s;954
89810;s;
88298;s;979.8
88298;s;
88115;s;
88115;s;
88115;s;2848.14
88310;s;
88310;s;1600
88310;s;
89125;s;800
89125;s;900
89598;s;
89598;s;1000
89598;s;1000
89598;s;
88310;s;
88310;s;680
88310;s;930
90138;s;
90138;s;
89373;s;964
89373;s;
89373;s;400
89467;s;
89467;s;
89467;s;936.45
89467;s;936.45
89328;s;954
89328;s;
89328;s;
88343;s;450
88343;s;
88343;s;1165
88343;s;1500
89125;s;
89821;s;1276.89
89821;s;
89821;s;
90138;s;1000
88845;s;2460.58
88845;s;
89212;s;
89212;s;
89619;s;1119.02
89619;s;
89793;s;474
89793;s;1522.4
89425;s;
89425;s;
89425;s;
89425;s;4000
89793;s;1100.37
89793;s;
89793;s;290
88021;s;
89619;s;1217
89619;s;
89619;s;
89619;s;
89619;s;
89129;s;
89129;s;
89129;s;
89129;s;1461.22
95617;s;1000
95617;s;
88326;s;2100
88326;s;
88326;s;
88326;s;1060
95982;s;
95982;s;
89615;s;
89615;s;
89615;s;954
95702;s;1200
95702;s;
95702;s;
88728;s;1116.25
88728;s;
88978;s;
88978;s;800
96127;s;1200
96127;s;264
95982;s;1559.5
95982;s;
88292;s;
88292;s;
88292;s;
88292;s;1467
88824;s;3141
88824;s;
88824;s;
88824;s;1609
89547;s;700
89547;s;
89547;s;1200
89547;s;
89547;s;
90014;s;
90014;s;
90014;s;1200
88958;s;1544.6
88958;s;1485.85
88958;s;
88958;s;937
89559;s;
89559;s;350
89559;s;
89559;s;
89559;s;4685
90014;s;957
88719;s;1515
88719;s;2168
88719;s;
89747;s;
89747;s;
89747;s;1314.48
89747;s;
88626;s;
88626;s;
88626;s;700
88089;s;
88089;s;
88089;s;
88089;s;
88812;s;1195.68
88812;s;200
88741;s;954
88741;s;
88741;s;650
88741;s;
88741;s;1414.04
88741;s;200
90033;s;1200
90033;s;
90033;s;436
90033;s;
90121;s;
90121;s;
90121;s;487
90298;s;
90298;s;1200
90298;s;
89681;s;
89681;s;4514
89681;s;
89681;s;
88865;s;1.11
88865;s;300
88865;s;1.11
88865;s;1.11
89678;s;1261.95
88087;s;1440
88087;s;
88087;s;
89828;s;1190
89828;s;
89828;s;225
89828;s;1200
89164;s;1200
89164;s;500
89164;s;
89164;s;
88948;s;1000
88948;s;310
89218;s;
89218;s;3775.36
89218;s;
89218;s;1200
88685;s;
88685;s;1599.67
88685;s;530
89694;s;320
89694;s;998
89678;s;
89678;s;
89682;s;1301.82
89682;s;
89682;s;
89682;s;3869.46
89674;s;2854.34
89674;s;
89674;s;1115.83
89413;s;
89413;s;2914.23
89413;s;
89582;s;
89582;s;
89582;s;1870
96148;s;
96148;s;
96148;s;
96148;s;954
95723;s;
95981;s;468.5
95981;s;0.01
95981;s;0.01
95981;s;412
88916;s;1500
88916;s;
89137;s;1823.03
89137;s;
89137;s;550
95615;s;
95615;s;1241
95615;s;
88760;s;
88760;s;5000
88760;s;
88760;s;
88760;s;
88760;s;
88280;s;516
88280;s;1200
89300;s;798.6
89300;s;2000
89300;s;
89300;s;1096
88916;s;2500
89684;s;
89684;s;1600
89684;s;800
96064;s;
96064;s;954
96064;s;1150
88129;s;3203.56
89047;s;410
89047;s;450
89047;s;450
88319;s;
88319;s;
88319;s;954
88129;s;
88129;s;
88129;s;937
89450;s;
89450;s;2668.6
89450;s;
88841;s;
88841;s;2100
88841;s;
88841;s;
90361;s;954
90361;s;
90361;s;954
89442;s;869.43
89442;s;1470.99
89673;s;900
89673;s;
89271;s;864.85
89271;s;1208.06
89271;s;
95806;s;800
95806;s;
95806;s;
95806;s;
95806;s;1000
89442;s;
89442;s;
89450;s;
88397;s;
88810;s;
88810;s;
88810;s;954
90365;s;954
90365;s;
90365;s;
90365;s;1326
88241;s;
88241;s;
88241;s;1500
88301;s;
88301;s;
88301;s;90
88301;s;
88301;s;1300
88397;s;2000
88397;s;
88397;s;
88397;s;
88401;s;1513.32
95916;s;
95916;s;1065
95916;s;900
89165;s;1361.78
88401;s;
89448;s;
89448;s;
89448;s;2334
89448;s;
89448;s;
89448;s;
90039;s;
90039;s;
90039;s;1000
90039;s;
89883;s;2596.59
89883;s;
88401;s;400
88401;s;
88784;s;1802.68
88784;s;954
88784;s;
88021;s;1400
88021;s;
88021;s;
89189;s;
88021;s;
88374;s;1748
88374;s;2529.07
88374;s;
88374;s;
89507;s;1411.28
89507;s;
89507;s;
88211;s;
88211;s;
88211;s;
88211;s;937
88211;s;
88211;s;
88973;s;
88973;s;
88973;s;
88973;s;1100
88102;s;
88102;s;
88102;s;1156
88951;s;1641.2
88951;s;479
88951;s;479
96173;s;
96173;s;
96173;s;2475
90127;s;1553.96
90127;s;1065
95817;s;
95817;s;
95817;s;1837.95
95817;s;
95817;s;1420.55
95817;s;
90127;s;1019.93
96441;s;0.01
96441;s;1500
90230;s;
90230;s;
90230;s;
90230;s;
90230;s;636
90276;s;
90276;s;1802.09
90276;s;
90276;s;
95787;s;
95787;s;
95787;s;2280
88196;s;
88196;s;300
88196;s;1070
88196;s;
90001;s;
90001;s;
90001;s;1300
90001;s;
90001;s;
88010;s;954
88010;s;
88010;s;954
88010;s;
88776;s;
88776;s;1100
88776;s;
88776;s;
88927;s;1549.52
88927;s;477
88927;s;477
95541;s;0.01
95541;s;954
95823;s;
95823;s;954
89091;s;1166.86
89091;s;
89091;s;954
88324;s;1200
88324;s;
88324;s;
88324;s;2019
89519;s;524.59
89519;s;1257.71
89519;s;1356.9
88469;s;2630.64
88469;s;
88469;s;
96086;s;
96086;s;2651.96
96086;s;
95765;s;
89199;s;
89199;s;
88318;s;
88318;s;
88318;s;
88318;s;
88318;s;3800
95765;s;3840
95765;s;
95765;s;
89199;s;937
89199;s;4266.09
89660;s;200
89660;s;1500
89280;s;
89280;s;
89280;s;1000
88428;s;340
88428;s;1491.8
89539;s;2000
89539;s;
89539;s;
89539;s;1333
89406;s;
89406;s;3112.55
89406;s;
87994;s;1080
87994;s;
88688;s;2445.88
88688;s;
88688;s;
90202;s;1585
90202;s;
90202;s;
88524;s;800
88524;s;700
88524;s;
88524;s;
89128;s;
89128;s;954
89128;s;
89128;s;
89128;s;
89620;n;
89620;n;
89620;n;1345
90278;n;2716.09
90278;n;
90278;n;3771.46
88540;s;
88540;s;1674
88540;s;300
90068;s;2139.06
90068;s;
90068;s;
90068;s;
90068;s;
88594;s;
88594;s;
88594;s;
88594;s;2000
88671;s;
88671;s;
88671;s;1300
88671;s;937
95929;n;500
89514;s;1166.66
89514;s;1166.66
89514;s;1166.66
88732;s;
88732;s;2453.67
88732;s;
89514;s;0.01
88716;s;
88716;s;
88716;s;1359.85
88716;s;1100.69
90149;s;744.66
90149;s;
88813;s;468.5
88813;s;
88813;s;1550
88813;s;
89902;s;400
89902;s;
89902;s;
89902;s;3909.49
89902;s;
96065;s;
96065;s;955
96065;s;
96065;s;
95501;s;954
95501;s;954
95777;s;
95777;s;
95777;s;1056
95501;s;
89463;s;1200
89463;s;
89463;s;2500
89463;s;
88422;s;1144.9
88422;s;
88422;s;980
89096;s;
89253;s;
89253;s;
89253;s;
89253;s;3691
89568;s;
89568;s;
89568;s;
89568;s;
89568;s;954
89096;s;937
89096;s;
89526;s;937
89526;s;462
89526;s;462
89526;s;462
95900;n;
95922;n;
95922;n;
95922;n;
95922;n;880
95913;n;
95913;n;960
95913;n;
95906;s;
95906;s;
95906;s;1000
96009;n;7835.42
96009;n;
96009;n;
95900;n;5350.12
95900;n;
95900;n;2225.91
96009;n;
96009;n;
96009;n;4373.01
95847;s;
95847;s;
95847;s;1500
95847;s;954
88013;n;
88013;n;
88013;n;2900
89491;n;
89491;n;1534.59
96009;n;
88448;s;954
89189;s;
89189;s;
89189;s;1107.39
89189;s;
89189;s;1808
95780;n;
95780;n;240
95856;s;954
95856;s;600
95856;s;
89287;s;937
89287;s;1056
88695;s;937
88695;s;
88695;s;
88218;s;
88218;s;
88218;s;1516.8
95699;s;
95699;s;
95699;s;
95699;s;2419.39
95811;s;
95811;s;642.66
95811;s;
88641;s;
88641;s;
88641;s;600
88197;n;
88197;n;
88197;n;1084.57
95625;s;
90053;s;
90053;s;1200
90053;s;
89216;s;
89216;s;1149.15
89216;s;
89216;s;
95783;s;
95783;s;
95783;s;1500
95783;s;
95757;s;1698.12
95757;s;
95625;s;1200
95625;s;937
95625;s;
88090;s;
88090;s;2378
88090;s;
89244;s;
89244;s;
89818;s;954
89818;s;
89818;s;690
88041;s;
88041;s;1280
88041;s;171
95955;s;
95955;s;937
95955;s;
95955;s;
89244;s;
89244;s;1114
95757;s;
95757;s;
96187;n;
96187;n;600
89244;s;
89372;s;2222
89372;s;
89372;s;
89427;s;
89427;s;1512.3
89427;s;
89427;s;
89427;s;780
89427;s;
90117;s;0.01
90117;s;937
90117;s;2149.91
96120;s;550
89865;s;1180.73
89865;s;
89162;s;
89162;s;900
89162;s;3000
89162;s;
95810;s;1500
95810;s;
95810;s;
95810;s;
95707;s;
95707;s;
95707;s;1837
90321;s;
90321;s;
90321;s;1500
90321;s;
90321;s;
88434;s;1400
88434;s;
88002;s;1632.62
88002;s;
96038;s;
96038;s;
96038;s;937
96038;s;
96038;s;
96038;s;1244
88987;s;
88987;s;
88987;s;950
88002;s;1100
96114;s;
96114;s;
96114;s;937
96114;s;
96114;s;
96114;s;1244
89368;s;
89368;s;400
89368;s;
89368;s;5161.86
88803;s;
88803;s;
88803;s;900
88803;s;
88803;s;1000
88906;s;
88906;s;954
88906;s;616.66
88906;s;
88906;s;755.49
88906;s;
88906;s;300
88988;s;
88988;s;937
88988;s;1200
88655;s;200
88655;s;300
88655;s;
90175;s;
90175;s;
90175;s;1884.41
90175;s;
88069;s;937
88069;s;
88069;s;1008
88276;s;
88276;s;2200
88276;s;
88276;s;
88883;s;1000
88883;s;
88883;s;
88883;s;
89700;s;
89700;s;
89858;n;
95752;s;
95752;s;
95752;s;
95752;s;900
95791;s;
95791;s;1005
95791;s;
95791;s;
89700;s;
88071;n;
88071;n;
88071;n;900
88071;n;
89700;s;1075
88879;s;1233.34
89858;n;
89858;n;3000
88820;s;1890
88820;s;
88820;s;
88820;s;2100
88613;s;
88613;s;
88613;s;2547.14
88844;s;3800
88844;s;
88844;s;
88844;s;
88879;s;
88879;s;1020.28
88790;s;
88790;s;954
88790;s;2164
89338;s;518
89338;s;
88207;s;1636
88207;s;
90176;s;1080
90176;s;700
89338;s;1654
89338;s;
89338;s;
88755;s;
88846;s;2083
89394;s;600
88755;s;
88755;s;
88748;s;
88748;s;2000
88748;s;
90057;s;270
90057;s;1180.71
90057;s;1822.48
90057;s;270
88646;s;1918.84
88646;s;1284.35
88646;s;
88846;s;150
88646;s;
88141;s;1294.82
88141;s;
88141;s;2054.93
88448;s;1376.5
96728;s;175
88448;s;0.01
88448;s;100
88448;s;1600
88971;s;100
88971;s;1430
88229;s;
88229;s;
88229;s;5600
88229;s;
88229;s;
96137;s;250
96137;s;
96137;s;935
96029;n;85
88802;s;1216.8
88802;s;1065
88802;s;
88802;s;
95545;s;1000
95545;s;400
90362;s;
90362;s;954
90362;s;954
88715;s;954
88715;s;
88715;s;
88715;s;
89870;s;954
89870;s;1300
89870;s;
95545;s;
95545;s;
89870;s;
96195;s;
96195;s;
96195;s;
96195;s;1500
96195;s;
96195;s;
95654;s;479.02
95654;s;479.72
95654;s;719.58
88663;s;1282.6
88663;s;
88663;s;
88663;s;
95566;s;
95566;s;
95566;s;2500
95566;s;
88899;s;
88899;s;1652
90043;s;
90043;s;
90043;s;1655.08
90043;s;800
90188;s;1777.4
90188;s;
90188;s;
90188;s;1200
89939;s;1136.53
89939;s;1500
89939;s;
88899;s;
88899;s;
97391;s;1825
97391;s;
97391;s;2254.16
97391;s;
96338;s;
96338;s;
96338;s;877.68
96338;s;1145.74
97232;s;1036
97232;s;
96585;s;
96585;s;1700
96585;s;477
96585;s;
97232;s;
97232;s;
97084;s;
97084;s;
97084;s;
97084;s;2736
93732;s;880
93732;s;1300
93732;s;0.01
93732;s;0.01
97353;s;
97353;s;
97353;s;1393.01
96479;s;1100
96940;s;
96940;s;500
93732;s;0.01
96360;s;
96940;s;500
96940;s;
96580;s;1377
96580;s;350
96916;s;0.01
96916;s;1240
96916;s;1510.83
97335;s;2308
97335;s;
97874;n;3081.83
97874;n;
97874;n;
96360;s;500
96360;s;1500
97063;s;
97063;s;2000
97063;s;
97282;s;877.3
97282;s;
97874;n;
97063;s;
97320;s;897
97320;s;
97320;s;2615.6
97320;s;1204.12
97561;s;
97561;s;954
96744;s;600
96919;s;1436.01
96919;s;
97246;n;
97246;n;
97692;s;600
96427;s;
97623;s;
97623;s;5747.85
97623;s;
97623;s;
97623;s;954
97623;s;
97692;s;
97692;s;300
97609;s;1024.68
97609;s;
97609;s;1609.6
97609;s;
96427;s;1009.13
96427;s;
96427;s;
96773;s;400
96773;s;1065
96459;s;1439.32
96459;s;
96459;s;
96459;s;1236.76
97424;s;
97424;s;1700
97115;s;2390
97115;s;
97115;s;1284
97115;s;
96863;s;
96863;s;
96863;s;2829.71
96956;s;0.01
96956;s;1377.48
89502;s;
89502;s;
89502;s;150
89502;s;190.8
97627;s;
97627;s;715.5
97495;s;954
97624;s;
97624;s;5747.85
97624;s;
97624;s;
97624;s;954
97624;s;
90334;s;
90334;s;952
97627;s;1058
96831;s;800
96831;s;1300
96831;s;500
97495;s;954
97495;s;
96586;s;
96586;s;1330
96586;s;1349.1
96586;s;477
97467;s;
97467;s;
97467;s;950
97467;s;950
96970;s;954
97933;s;1437.65
97933;s;
97933;s;1248
96333;s;2100
96333;s;930
96380;s;1000
96380;s;
97437;s;
96970;s;335
96333;s;
96333;s;
96970;s;
96728;s;175
96728;s;400
96728;s;700
96592;s;954
96624;s;300
96624;s;1023
96727;s;2532.71
96727;s;
96727;s;
96727;s;120
97540;s;0.01
97540;s;0.01
97540;s;1022
97437;s;954
97437;s;
97515;s;
97254;s;
97254;s;4553.58
97254;s;
97254;s;
97254;s;
97547;s;
97540;s;1021.35
97332;s;
97332;s;954
97332;s;
97515;s;1200
97362;n;1787.76
97362;n;2503.63
97362;n;1337.06
97362;n;
97547;s;3000
97547;s;
97547;s;1000
97500;s;
97500;s;954
96354;s;
96354;s;
96354;s;3340
96354;s;
96354;s;
96354;s;
96488;s;1872
96488;s;
96488;s;
97001;s;
97001;s;
96836;s;
96836;s;1268
96836;s;3000
96836;s;
96836;s;
96896;s;
96896;s;650
96896;s;
97001;s;
97001;s;3545.37
97944;s;
97944;s;2437
97944;s;
97944;s;
95927;n;800
95927;n;
95927;n;
95927;n;400
97599;s;1067
97599;s;1200
96896;s;
97719;s;1130
97719;s;477
97719;s;
97719;s;
97366;s;
97366;s;
97366;s;
97293;s;
97293;s;
97293;s;1200.58
97293;s;
97293;s;
97787;s;
97787;s;
97787;s;
97787;s;3320
97787;s;1200
97366;s;
96848;s;1773.83
96848;s;
96848;s;
96848;s;1444.73
97124;n;
97124;n;1369.82
97124;n;
97142;s;
97142;s;
97142;s;3194.28
97142;s;
97602;s;1175.48
97602;s;959.84
97602;s;0.01
97602;s;0.01
97622;s;954
97622;s;954
97622;s;954
97622;s;954
97319;s;
97319;s;750
97319;s;750
97771;s;2954.63
97275;s;2703.53
97275;s;
97275;s;
97275;s;
98003;s;0.01
97701;s;1173.06
97701;s;
97108;s;
97108;s;
97108;s;
97108;s;1200
97108;s;
96706;n;
96706;n;1300
96706;n;
96706;n;
96706;n;1200
96802;s;
96802;s;954
97771;s;
97771;s;2300
96904;s;
96904;s;
97771;s;
97297;s;
97297;s;
97297;s;995.46
97297;s;
97016;s;
97016;s;
97016;s;1749.46
97016;s;
96701;s;1185
96701;s;
97414;s;
97414;s;
97414;s;3000
97414;s;950
97120;s;1500
97120;s;
97120;s;
97120;s;1520
97621;s;954
97621;s;
97621;s;
96904;s;1070
96904;s;1700
96442;s;
96442;s;1834
96887;s;954
97244;s;1063
97244;s;
97244;s;850
96442;s;
96442;s;
96522;n;1000
96522;n;1000
96522;n;450
96522;n;1542
97633;s;2064.84
97633;s;
97633;s;1044.5
97481;s;2039.58
97481;s;2000
97481;s;
97226;s;
97226;s;1269
97226;s;
96943;s;
96943;s;
96943;s;
96943;s;
97328;n;2979.38
97328;n;
96929;s;2056.67
96929;s;
96929;s;
96929;s;1100
97358;s;
97358;s;954
97358;s;
97412;s;2000
97412;s;600
97412;s;1166
97412;s;954
96937;s;1345.72
96937;s;1345.72
96937;s;1345.72
96794;s;
96794;s;
96794;s;2002
96472;s;1390
96472;s;
96793;s;
90236;n;
90236;n;
90236;n;1200
96347;s;250
96347;s;250
96347;s;2517.98
97523;s;200
97523;s;
96856;s;0.01
96856;s;700
96856;s;345.09
96793;s;1800.67
96793;s;
96793;s;
97697;s;500
97697;s;500
97697;s;
96833;s;
96833;s;
96833;s;
90211;s;
96833;s;3500
97528;s;
90211;s;2693.11
90211;s;
90211;s;
97528;s;
97528;s;
97528;s;1056.61
97745;s;0.01
97745;s;1500
97745;s;954
97745;s;1500
97564;s;
97564;s;2145
97564;s;
97564;s;1252
97064;s;
97064;s;
97064;s;954
97658;s;2335
97658;s;
97658;s;
97658;s;1138
97588;s;
96592;s;0.01
96592;s;0.01
96592;s;600
97464;s;3070.2
97464;s;0.01
96060;s;
96060;s;1500
96060;s;
96060;s;
97444;s;954
97444;s;1697.67
97444;s;
97444;s;
96923;s;1264.01
96923;s;477
96923;s;850
96485;s;
96485;s;
96485;s;
96485;s;1031.81
96485;s;959.87
97464;s;0.01
96383;s;
96383;s;468.5
96383;s;200
96383;s;1178.33
96383;s;690
96571;s;3644.15
96571;s;
96571;s;
97855;s;
96923;s;979.8
97522;s;0.01
97522;s;0.01
97522;s;2355.28
97522;s;0.01
96906;s;894
96906;s;481.81
97855;s;2757.14
97855;s;
97249;s;
97249;s;
97249;s;4078.46
97249;s;
96639;s;
96639;s;
96639;s;2002
96770;s;100
96770;s;1000
96979;s;
96979;s;1000
96979;s;
96702;s;0.01
96702;s;0.01
96702;s;0.01
96702;s;0.01
96702;s;3853.75
97009;s;400
97674;s;
97674;s;1031.81
97674;s;1000
96413;s;2826
96413;s;
96413;s;
97848;s;
97848;s;
97848;s;
97848;s;
97848;s;1050
97848;s;
97323;s;0.01
97323;s;800
96651;s;
96651;s;
96651;s;
97134;s;500
97596;s;
97596;s;1034.78
97712;s;250
97712;s;
97712;s;4523.89
97712;s;920
97712;s;800
96892;s;
96892;s;
96892;s;
96892;s;
96892;s;3800
96892;s;
96964;s;954
96964;s;795
96964;s;
97134;s;450
97596;s;
96320;s;0.01
96320;s;0.01
97420;s;0.01
97420;s;508
97420;s;1089.33
97772;s;
97772;s;
97772;s;846
97637;s;1500
97637;s;1
97637;s;800
97637;s;450
97579;s;954
97579;s;
96320;s;4000
96320;s;0.01
96911;s;300
96911;s;
97644;s;500
97644;s;1219
97644;s;500
97363;s;600
97363;s;1074
97363;s;
96420;s;800
96420;s;
96420;s;
97050;s;1200
97050;s;1430
97050;s;
97050;s;
89709;s;900
89709;s;
89709;s;310
89709;s;520
97416;s;
97416;s;
96811;s;954
96811;s;
97351;s;2120
97351;s;
97351;s;
97351;s;
97413;s;1000
97413;s;
97176;s;1023
97176;s;500
97539;s;0.01
97416;s;
97416;s;4000
97416;s;
97416;s;
97746;s;900
97746;s;1100
97284;s;
97284;s;1000
97284;s;955
88876;s;
88876;s;
88876;s;1600
97575;s;
97575;s;
97575;s;1559.5
97539;s;954
97829;s;2000
97829;s;0.01
97829;s;0.01
97060;s;511.2
97060;s;1600
97643;s;1201.31
97643;s;747.5
97643;s;902.42
92853;s;1759.78
92853;s;
97575;s;
97575;s;
96776;s;
96776;s;
96776;s;937
92853;s;
92853;s;
92853;s;
96309;s;1300
97037;s;700
97037;s;954
97037;s;
97037;s;
96579;s;400
96579;s;954
97493;s;1434.74
97493;s;
96367;s;
96367;s;2349.79
96367;s;
96432;s;954
96432;s;2333.88
96432;s;
96432;s;
96309;s;
96309;s;1400
96872;s;1800
96872;s;
96872;s;
96872;s;
97531;s;477
97531;s;
97531;s;
97531;s;235
97531;s;984.13
96658;s;0.01
96658;s;1600
97581;s;954.3
97581;s;
96529;s;
96529;s;2625.87
97216;s;252
97216;s;2300
97699;s;100
97699;s;1283
97318;s;2063.62
97318;s;
97318;s;
97473;s;1022
97699;s;1540.12
97786;s;300
97786;s;200
97301;s;0.01
97301;s;1200
96615;s;800
96615;s;
97289;s;
97289;s;
97289;s;
97289;s;
96749;s;0.01
96749;s;1572.42
96749;s;1700
97786;s;
97786;s;1286
97530;s;
97530;s;
97530;s;1900
97530;s;1008
96501;s;
96501;s;3795
96501;s;
97289;s;1000
97440;s;
97440;s;
88956;s;
97588;s;2015
97588;s;
97818;s;1076
97818;s;900
97040;s;700
97154;s;
97154;s;954
96749;s;0.01
97145;s;800
97145;s;
97440;s;1409.62
97440;s;1500.24
97043;s;
97043;s;954
96732;s;0.01
96732;s;900
96732;s;1322.8
96732;s;500
89231;s;
89231;s;
89231;s;
89231;s;1000
97541;s;0.01
97541;s;1000
97989;s;0.01
97989;s;1
97989;s;250
89777;n;
89777;n;2412.74
89777;n;2333.54
96399;s;
96399;s;
96399;s;954
96399;s;
97989;s;250
96411;s;1200
96411;s;
97556;s;1200
97556;s;1300
97556;s;
97278;s;954
97278;s;400
97278;s;954
89562;s;954
96473;s;
96473;s;
96473;s;1800
96473;s;
97345;s;100
97345;s;340
97345;s;100
97345;s;
89562;s;
96851;s;800
97398;s;0.01
97398;s;570
97398;s;570
96532;s;200
96532;s;950
96532;s;200
97398;s;0.01
97055;s;
96601;s;1402.57
96844;s;
96844;s;
96844;s;2216.8
97889;s;954
97532;s;2238
97532;s;
96436;s;1200
96436;s;0.01
97279;s;1000
97137;s;450
97137;s;2362
97137;s;0.01
97055;s;180
97055;s;270
97552;s;2662.52
89045;s;
89045;s;570
89045;s;1500
97590;s;
97590;s;2140
97590;s;1968.19
97619;s;
97619;s;
97619;s;3000
97619;s;
89045;s;
97552;s;
97552;s;
97552;s;2157
97875;s;1260
97875;s;1063.22
97875;s;
96813;s;800
96813;s;0.01
96813;s;1200
96813;s;0.01
97441;s;
97441;s;
97441;s;
97441;s;1805
97081;s;1140
97081;s;
97454;s;
97454;s;
97454;s;
97454;s;
97344;s;710
97344;s;379.93
96936;s;1652.18
96936;s;
96936;s;
96936;s;
96936;s;2245.03
97498;s;1179
97570;s;2120
97570;s;
97570;s;
97570;s;
97131;s;
97131;s;1000
97131;s;
97131;s;
97131;s;
97704;s;3800
97704;s;
97704;s;
97704;s;
97462;s;1906.36
97462;s;
97434;s;
97434;s;1734.34
97434;s;
96540;s;1202.41
97498;s;
97498;s;
97498;s;2463.3
97498;s;
96567;s;237.5
96567;s;237.5
96567;s;237.5
96567;s;237.5
97317;s;0.01
97317;s;1150
97479;s;
97479;s;
97479;s;700
96686;s;1400
96686;s;
96686;s;
96334;s;0.01
96334;s;1075
96334;s;0.01
96334;s;477
96334;s;1800
97338;s;400
97338;s;
97595;s;
97595;s;1823.11
97595;s;
89981;s;
89981;s;3122.82
89981;s;
89981;s;954
97836;s;954
97836;s;954
97836;s;
97836;s;
97836;s;
96686;s;
97162;s;400
97595;s;1782
97291;s;
97291;s;1204.12
97291;s;
97291;s;
96135;s;1185
96135;s;
97677;s;
97677;s;1243.21
97677;s;
97677;s;674.75
97917;s;
97917;s;2121.16
96791;s;
96791;s;413
96791;s;
97521;s;954
97521;s;
97521;s;
97521;s;
96318;s;
96318;s;
97677;s;954
97723;s;450
97723;s;393.33
97477;s;1200
97477;s;
96317;s;
96317;s;1000
96317;s;
96317;s;2079.54
96627;s;
96627;s;
96947;s;900
96947;s;900
97228;s;1000
97228;s;800
97228;s;
97336;s;
97336;s;
97336;s;
97336;s;2500
96318;s;954
96318;s;
96627;s;
96627;s;2056.13
96627;s;
96521;n;
96521;n;2470
96617;s;
96617;s;
96617;s;1020
96617;s;
96544;s;
96544;s;4000
96544;s;
96544;s;
97527;s;1000
97527;s;0.01
97527;s;1500
97527;s;400
97600;s;1065.01
97600;s;
97600;s;
97494;s;
97494;s;954
97449;s;
97449;s;1339
97449;s;
88666;s;540
88666;s;
88666;s;
88956;s;1096
88107;s;
88956;s;
88956;s;
88771;s;
88771;s;
88771;s;1704.3
88123;s;
88123;s;1118.34
88123;s;1125.58
88123;s;974.48
88117;s;
88117;s;500
88117;s;413
88117;s;
96910;s;3022.36
96910;s;
96910;s;
88861;s;
88861;s;
88861;s;2546.1
88861;s;
97248;s;1748.42
97248;s;350
88534;s;1348
88534;s;
88534;s;2156.2
89638;s;
89638;s;600
89638;s;1034
89807;s;2077.55
89807;s;
90049;s;
90049;s;2323.47
90049;s;1295.11
88156;s;
88156;s;1109.32
88156;s;988.04
88537;s;
88537;s;1100
88537;s;400
88537;s;
90234;s;
90234;s;1500
90234;s;700
88015;s;
88015;s;
88015;s;
88015;s;800
88592;s;
88592;s;937
88499;s;
88499;s;3600
88499;s;
88499;s;
89612;s;1000
89612;s;1627.38
89612;s;0.01
89864;s;
89864;s;1750
89864;s;
89111;s;
89111;s;
89111;s;
89111;s;
89111;s;5303
88430;n;3470
88430;n;
88430;n;
88055;s;
88055;s;3000
88055;s;
88055;s;
88251;n;
88251;n;
88251;n;3132.98
88118;s;937
88118;s;400
88118;s;
89593;s;
89593;s;
89593;s;
89593;s;1296
90007;s;1695
90007;s;
90007;s;
90007;s;
88238;s;
88238;s;900
88062;n;2186.47
88062;n;3422.36
88062;n;
96059;s;1352
96059;s;1400
96059;s;
88729;s;318
88729;s;1134
88729;s;318
88807;s;400
88807;s;800
89732;s;700
89732;s;
89732;s;1979.93
88549;s;
88549;s;3800
89732;s;1875
88549;s;
88549;s;
89692;s;
89692;s;
89692;s;1060
89692;s;
90290;s;965
90290;s;
90290;s;
90290;s;
90290;s;
90290;s;
95848;s;
95848;s;
95848;s;
95848;s;
95848;s;1975
88627;s;
88627;s;3275.63
88627;s;
95860;s;
95860;s;
95860;s;2300
95860;s;
95822;s;
95822;s;
95822;s;
88723;s;1472.25
88723;s;
88723;s;
88723;s;1865.51
95997;s;
95997;s;937
95997;s;2200
95997;s;
95946;s;
95946;s;1014
95946;s;1140
95946;s;
95850;s;
95850;s;500
95850;s;300
95704;s;937
95704;s;
88107;s;2500
88107;s;2400
88107;s;
95538;s;
95538;s;2800
95538;s;
95538;s;
95538;s;
95696;s;
95696;s;955
95696;s;
95696;s;
95696;s;634
95696;s;
88605;s;1400
88605;s;980
88605;s;
95770;s;2490
95770;s;
95770;s;
95770;s;
95859;s;500
95859;s;500
90085;s;1023
90085;s;150
90085;s;100
88722;s;1446.67
88722;s;
88722;s;
95928;s;
95928;s;
95928;s;3700
95928;s;
96015;s;954
96015;s;
89590;s;
89590;s;
89590;s;1264.8
89590;s;
88088;s;937
88088;s;
88088;s;
88566;n;954
88566;n;
88566;n;
88566;n;
88566;n;1300
89376;s;
89376;s;
90059;s;
90059;s;1500
90059;s;1200
90059;s;
90059;s;954
89376;s;
89376;s;4700
88098;s;2916.6
88098;s;
88098;s;
89782;s;1100
88990;s;1500
88990;s;
95970;s;954
95970;s;
95970;s;954
95970;s;
95803;s;
95803;s;
95803;s;1000
90291;s;1674.37
90291;s;
90291;s;400
90291;s;937
87995;s;1590.05
87995;s;
87995;s;1139
88190;s;600
89996;s;
89996;s;
89996;s;954
88190;s;
88190;s;
88190;s;2400
89086;s;2293.7
89086;s;
89086;s;
89086;s;1031.81
89006;s;3495.56
89006;s;1303.48
89006;s;
89006;s;
90141;s;
90141;s;
90141;s;
90141;s;
90141;s;3126
90315;s;
90315;s;
90315;s;1011
95961;s;1100
95961;s;
95961;s;
95967;s;
95967;s;920
95999;s;
95999;s;
95999;s;
95999;s;950
96099;s;
96099;s;900
96099;s;
88871;s;
88871;s;1874
89269;s;
89269;s;
89269;s;1030
88757;s;0.01
88757;s;0.01
88757;s;2500
89515;s;0.01
89515;s;0.01
89515;s;937
90137;s;1715
90137;s;1100
90137;s;
90137;s;
95918;s;1800
95918;s;
95918;s;
95918;s;
95869;s;
95869;s;1746
89897;s;
89897;s;1000
89798;n;1036
89798;n;2811.02
89423;s;954
89423;s;1612.37
89423;s;
88414;s;0.01
88414;s;936
90025;s;
90025;s;
90025;s;1478
90300;s;
90300;s;1186.55
90300;s;1528.97
90300;s;
90010;s;
90010;s;
90010;s;1927.4
90010;s;
88777;s;
88777;s;
88777;s;210
88777;s;1300
88777;s;
89909;s;1096.71
89909;s;1023.25
89909;s;
89909;s;
89929;s;937
89929;s;
89929;s;
89929;s;1000
88282;s;
88282;s;570
88282;s;
89522;s;
89522;s;
89522;s;800
89639;s;2000
89639;s;937
89639;s;
89639;s;26
90094;n;
90094;n;
90094;n;1200
90094;n;
89385;s;1070
89385;s;
89385;s;1031
89385;s;1020
88352;s;0.01
88352;s;0.01
88352;s;0.01
88352;s;1184.93
88362;s;
88362;s;
88362;s;1701.07
88122;s;
88122;s;
88122;s;450
89447;s;
89447;s;
89447;s;200
89447;s;1212
95940;s;1900
95940;s;750
95940;s;750
96068;n;500
88598;s;
88598;s;200
88598;s;800
95800;s;
95800;s;954
95800;s;986.39
95800;s;954
89589;s;1800
89589;s;
96171;s;
96171;s;2490
96171;s;
95586;s;
95586;s;
95886;s;
95886;s;
95886;s;1183.7
95886;s;3675.28
95899;s;300
88867;s;937
88867;s;
88867;s;1204
89991;s;
89991;s;
89991;s;
89991;s;1700
90246;n;
90246;n;1345.59
90246;n;
90246;n;
90139;s;3200
90139;s;
90139;s;
90139;s;
90139;s;
89850;n;
89850;n;1200
89850;n;
89850;n;1000
88575;s;1671.9
88575;s;
88575;s;
88575;s;
88833;s;
88833;s;500
88833;s;
88833;s;800
96141;s;1300
96141;s;1300
96141;s;
96141;s;
88297;s;954
88297;s;
88297;s;
88869;s;300
88869;s;954
95609;s;
95609;s;
95609;s;2800
95609;s;
88451;s;
88451;s;954
88451;s;1719
88451;s;
95793;s;1065
95793;s;1065
89444;s;
89444;s;2223.69
89444;s;2032.94
89444;s;
95778;s;
89134;s;954
89134;s;140.55
89134;s;
89134;s;705.83
89134;s;954
89134;s;140.55
95778;s;1512.25
95778;s;954
95778;s;
95721;s;
95721;s;
95721;s;230
95721;s;1908
88179;s;954
88179;s;
88179;s;
88179;s;500
88227;s;
88227;s;
88227;s;400
88227;s;
88227;s;700
90095;s;
90095;s;
90095;s;1745.24
90095;s;
88189;s;
88189;s;700
88189;s;930
90212;s;937
90212;s;
90212;s;
88257;s;
88257;s;3052.08
88257;s;2046.66
88257;s;
89583;s;1431
89583;s;
89583;s;1431
88283;s;
88283;s;120
88283;s;
88283;s;250
95948;s;
95948;s;983
95948;s;
95948;s;1016
88314;s;1397
88314;s;
88314;s;863
88314;s;800
88235;s;
88235;s;
88235;s;898.66
88235;s;
95870;s;
95870;s;954
95870;s;
87996;s;982
87996;s;432
87996;s;
89036;s;
89036;s;
89036;s;
89036;s;1171.25
89036;s;937
89995;s;
89995;s;
89995;s;1500
89995;s;
89719;s;3272.43
89719;s;
89719;s;954
90274;n;321
90274;n;
90274;n;150
90274;n;
90274;n;
96006;n;
96006;n;
96006;n;1364.76
96006;n;
96006;n;1050
89633;n;
89633;n;
89633;n;1400
89633;n;1500
90047;n;1375
90047;n;
90047;n;
95933;s;
95789;n;
95789;n;
95789;n;600
88905;s;700
88905;s;700
88905;s;
95809;s;650
95809;s;
95809;s;
95809;s;5980.49
95865;n;
95865;n;937
95865;n;
95865;n;
96100;s;
96100;s;
96100;s;2000
96100;s;1500
88859;s;
88859;s;3000
88859;s;
88859;s;
88859;s;
96143;n;3000
96143;n;
96143;n;
88828;s;
88828;s;1000
88828;s;
96049;s;
96049;s;
96049;s;
96049;s;1500
89410;s;
89410;s;
89410;s;3000
95899;s;
95899;s;1000
95728;s;965
95899;s;
88754;n;4000
88754;n;
88754;n;
95481;n;937
95481;n;
88248;n;624
88248;n;624
88248;n;624
95712;s;450
95914;s;
88192;s;3033.05
88192;s;
88192;s;
88192;s;2640.86
95256;s;1090
89588;s;1454
89588;s;
89588;s;
89588;s;1050
89806;s;
89806;s;965
89806;s;1036
88281;s;2601.71
88281;s;
88281;s;
90091;s;1200
90091;s;
90091;s;
90091;s;1133.61
90273;s;
90273;s;937
90273;s;
90280;s;
90280;s;
90280;s;
90280;s;964
90280;s;
90243;s;0.01
90243;s;0.01
90243;s;0.01
90243;s;4797.49
89237;s;954
89237;s;
95894;s;1184
95894;s;
95894;s;2279.98
95894;s;954
95864;s;2000
95864;s;954
95864;s;
95864;s;
95864;s;
88203;n;2000
88203;n;1600
89518;n;937
89518;n;200
90136;n;
90136;n;500
90136;n;
90136;n;1100
88093;n;1268.28
88093;n;
88093;n;
88093;n;
89380;n;
89380;n;
89380;n;350
89380;n;1240
89792;n;
89792;n;2100
89792;n;1100
89792;n;1100
90084;n;1014
90084;n;
90277;n;3000
90277;n;
90060;n;
90060;n;2836.04
90060;n;954
88957;n;
88957;n;
88957;n;
88957;n;1086.4
90309;n;
90309;n;
90309;n;4534.27
90309;n;
89934;n;2161.91
89934;n;
89934;n;1224
89934;n;
88061;n;954
90222;n;1031.43
90222;n;1133
90222;n;
89105;s;
89105;s;2665
89105;s;2558.87
89105;s;
89105;s;
90023;n;
90023;n;954
88991;n;
88991;n;3000
88991;n;
88991;n;
89334;n;1169.38
89334;n;
89334;n;
90351;n;
90351;n;
90351;n;900
88201;s;
88201;s;
88201;s;1000
88201;s;3093.7
89304;n;
89304;n;
89304;n;
89304;n;1795
90308;n;954
90308;n;1635
90308;n;1577
88699;n;770
88699;n;
88699;n;511.2
88961;s;500
90000;s;
90000;s;2487.94
90000;s;
90000;s;
96237;s;300
96237;s;300
96237;s;300
89529;s;1710
89529;s;
89529;s;
89529;s;954
96237;s;300
96237;s;300
88797;n;1800
88797;n;
88797;n;
93218;s;1048
93218;s;
93218;s;
89336;s;
89336;s;400
89336;s;1568.55
89336;s;1700
89925;s;
89925;s;
89925;s;
89925;s;200
88198;n;450
88198;n;450
90284;n;
90284;n;
89905;s;
89905;s;1425
90284;n;2254.21
90284;n;
90284;n;
90284;n;940
90284;n;
88354;n;
88354;n;
88354;n;2322.56
88354;n;
88354;n;
88354;n;
88354;n;
88426;n;1000
88426;n;
88426;n;1898.43
88166;s;900
88166;s;
88166;s;
88166;s;954
88166;s;
89389;s;
89389;s;1200
89389;s;1200
89389;s;
89478;s;
89478;s;
89478;s;1586
89478;s;5000
89478;s;
90332;n;1400
90332;n;
90332;n;1000
90332;n;
89956;s;954
89956;s;
89956;s;
89397;s;2000
89397;s;
89397;s;
88404;s;
88404;s;1900.9
88882;s;
95728;s;
96243;s;
96243;s;937
96243;s;1445
89430;s;
89430;s;
89430;s;
89430;s;
89430;s;2163
88980;s;865.91
88980;s;
88980;s;4748
88980;s;
88980;s;
90250;n;
90250;n;
90250;n;
90250;n;
96244;s;
96244;s;
96244;s;1800
88096;s;1277.28
88096;s;
88096;s;
88689;s;
88689;s;
88689;s;1200
88689;s;
90193;s;1530
90193;s;
90193;s;
90193;s;
90193;s;
89202;n;
89202;n;6158.8
89202;n;
89202;n;
89521;s;750.71
89521;s;1181.69
89521;s;400
89521;s;2288.49
90051;s;1200
90051;s;
90051;s;1028
88205;s;
88205;s;
88205;s;1000
88205;s;
88205;s;
95949;n;954
95949;n;
95949;n;
96007;n;
96007;n;
96007;n;954
90004;s;3060
90004;s;
90004;s;
90036;s;958.5
90036;s;
90036;s;1155.06
89062;s;1400
89062;s;1110.84
89062;s;0.11
89062;s;0.01
89062;s;0.01
90232;s;1666
90232;s;
90232;s;
90232;s;
88532;s;
88532;s;
88532;s;
88532;s;
88532;s;954
88532;s;1726.64
89901;s;1535.12
89901;s;
90111;s;
90111;s;3205.61
90111;s;
90320;s;930
90320;s;
90320;s;
89029;s;954
89029;s;
89029;s;
88639;s;1922.33
88639;s;
88639;s;
89042;n;
89042;n;
89042;n;5111.41
89042;n;
96245;s;1070
96245;s;
96245;s;
96245;s;
96245;s;
89414;s;1364.23
89414;s;
90128;s;1295.97
90128;s;
90128;s;
90128;s;
90158;s;
90158;s;
90158;s;
90158;s;1094.49
90158;s;
89743;s;
89743;s;2087.51
89743;s;
89743;s;
89531;s;1277.97
89531;s;405
89531;s;618.5
88680;s;0.01
88680;s;600
88680;s;0.01
88680;s;1400
90042;s;420.83
90042;s;420.83
90042;s;
90042;s;
95984;n;954
95984;n;
95984;n;1431
95984;n;
95984;n;
89534;s;1215
89534;s;937
89534;s;
89393;s;
89393;s;1350
89393;s;
89393;s;
89056;s;973
89056;s;
89056;s;
89711;s;
89711;s;835
89711;s;835
90241;n;
90241;n;2000
90241;n;
90241;n;
90098;n;
90098;n;
90098;n;2300
90098;n;
90098;n;2300
89848;s;937
89848;s;
89848;s;1350.91
89848;s;1065
89783;n;2500
89783;n;
89783;n;
89783;n;1200
89592;s;1065
89592;s;1500
89592;s;0.01
89761;s;
89761;s;
89761;s;1091.91
89761;s;
89761;s;3809
89896;s;1200
89896;s;0.01
89896;s;0.01
88210;s;
88210;s;
88210;s;937
88210;s;
89896;s;300
89647;s;0.01
89647;s;3713
89647;s;0.01
89647;s;300
89647;s;300
89647;s;3038.74
88419;n;1200
88419;n;
88419;n;1500
90238;n;
90238;n;1814.33
90238;n;
90238;n;
94025;s;
94025;s;900
94025;s;
90231;s;
90231;s;
90231;s;1386
89116;n;
90011;s;
90011;s;954
89579;n;
89579;n;
89579;n;
89579;n;4089.01
89748;n;2305
89748;n;
89748;n;
88053;s;937
88053;s;
88053;s;937
88882;s;
88882;s;
89479;n;
88882;s;935
88882;s;935
88887;s;
88887;s;
88887;s;
88887;s;935
88887;s;935
90167;s;4447.8
89804;s;650
90167;s;1065.5
90167;s;
90167;s;
89504;s;
89504;s;
89504;s;
89504;s;
89504;s;1100
89947;s;
89947;s;
89947;s;
89947;s;
89947;s;3400
89947;s;
89548;s;0.01
89548;s;954
89548;s;0.01
89077;s;963
89077;s;1036
89077;s;1736.7
89077;s;
88025;s;500
88025;s;3004.56
88025;s;1450
88025;s;
88025;s;
88385;s;2000
88385;s;
88385;s;
88385;s;
88502;n;
88502;n;1500
88502;n;
88502;n;
89781;n;
89781;n;2300
89781;n;
89781;n;1500
89795;n;500
89795;n;
89795;n;950
95880;n;411
95880;n;
95880;n;
88244;s;2200
88244;s;0.01
88244;s;1300
88244;s;710
89083;s;
89083;s;
89083;s;4430.36
89083;s;960
89083;s;830
89762;s;462.5
89762;s;937
89762;s;462.5
89762;s;
88752;s;0.01
88752;s;0.01
88752;s;1500
88752;s;0.01
89324;s;2610.63
89324;s;0.01
89324;s;0.01
89324;s;0.01
88042;s;2251.65
88042;s;
88042;s;
88042;s;
90371;n;
90371;n;
90371;n;
90371;n;3500
88558;s;
88558;s;
88558;s;350
88558;s;570
89723;s;
89723;s;950
89723;s;
89723;s;
89631;n;100
89631;n;900
89631;n;1255.21
88386;s;
88386;s;954
88386;s;954
88796;s;1155
88796;s;
88796;s;
89920;s;937
89920;s;937
89920;s;0.01
89920;s;937
94388;s;1481
94388;s;
94388;s;
94388;s;
94388;s;
89868;s;1051.34
89868;s;
89868;s;
96039;s;
96039;s;1610
96039;s;937
89453;s;
89453;s;
89453;s;1893.18
88839;n;
88839;n;
88839;n;
88839;n;
88839;n;2508.67
88747;s;1133
88747;s;
88747;s;
88747;s;
90376;n;
90376;n;400
88550;n;
88550;n;
88550;n;3006
88550;n;
96080;s;
96080;s;1908
96080;s;
88983;s;
88983;s;400
96174;s;
96174;s;
96174;s;2100
88616;s;
88616;s;1992.15
90275;s;
90275;s;850
90275;s;
95988;s;
95988;s;800
88075;n;
88075;n;2224.7
88075;n;3433.26
88075;n;477
90028;n;
90028;n;1800
90028;n;1800
95937;n;
95937;n;
95937;n;
88057;n;
88057;n;
88057;n;5708
88057;n;1747
88057;n;
89941;s;
89941;s;1500
89941;s;
89941;s;2360
96018;n;4500
96018;n;
96018;n;
96018;n;
88272;s;
88272;s;
88272;s;
88272;s;5082.03
96016;s;
96016;s;1425
96016;s;
90221;n;
90221;n;
90221;n;6000
90221;n;
90221;n;
89039;s;
89039;s;
87997;s;0.01
87997;s;700
89039;s;967
89039;s;
95551;s;200
95551;s;200
95551;s;1000
88635;n;2500
88635;n;
88635;n;
90101;n;5246.65
90101;n;2000
90101;n;
90101;n;
88993;s;
88993;s;
88993;s;1433.04
88932;n;1037
88932;n;2170
88932;n;
95866;s;
89575;s;
89575;s;1641.2
95911;s;1123.5
89479;n;
89479;n;
89479;n;2400
95872;s;
95872;s;
95872;s;
89061;s;1200
89061;s;
89061;s;
89061;s;
88306;n;3500
88306;n;
88306;n;
88006;n;600
88006;n;2000
88006;n;
88006;n;2500
88006;n;
88006;n;
95921;n;
95921;n;954
95921;n;
96012;s;950
90074;s;1034.35
88481;n;2140
88481;n;
88481;n;937
88481;n;
89188;n;1800
89188;n;
89188;n;
95605;n;
90214;s;500
89908;n;2932.56
89908;n;
95605;n;1519.16
95605;n;
95605;n;
95605;n;
90219;n;280
90219;n;937
88798;n;4091.39
88798;n;950
88798;n;
88798;n;
88798;n;
89235;n;
89235;n;1400
89235;n;
89235;n;
96241;n;
96241;n;
96241;n;
96052;s;900
96052;s;
96052;s;
89317;n;1197.54
89317;n;880
89317;n;
89317;n;
96017;n;1056
96017;n;
96017;n;
89003;n;937
89003;n;400
89769;n;
89769;n;
89769;n;
89769;n;1061
89769;n;
88436;n;
88436;n;
88436;n;2000
88436;n;1200
88436;n;
89659;s;550
89659;s;
89659;s;1720.29
89659;s;
89659;s;
89659;s;
96159;s;
96159;s;1766.44
96159;s;
88977;s;
88977;s;954
88977;s;954
88977;s;1021
95685;s;954
95685;s;
95685;s;
95685;s;
89163;n;
89163;n;4000
89163;n;
89859;s;1027.93
89859;s;1146.22
89859;s;1361.45
89859;s;
88328;n;
88328;n;
88328;n;4173.52
95875;s;500
95875;s;
96002;s;954
96002;s;
96002;s;954
88356;s;
88356;s;
88356;s;1200
88356;s;
90132;s;
90132;s;
90132;s;
90132;s;300
89832;s;5753.49
89832;s;
89832;s;0.01
89832;s;
89832;s;
96037;s;1065
96037;s;
96037;s;
96037;s;
96037;s;
90262;s;937
90262;s;
90262;s;
89151;n;1363.18
89151;n;
89151;n;7100.21
88009;s;120
88009;s;1100
88009;s;
90150;s;1750.41
90150;s;
90150;s;
90150;s;
88040;s;
88040;s;
88040;s;954
88040;s;
88429;s;1200
88429;s;
88429;s;
95854;s;
95854;s;1471
95854;s;1279.56
95854;s;
90210;n;500
90210;n;1300
89168;s;1050
89168;s;980
88823;s;1196
88823;s;
88823;s;
88561;s;2278.22
88561;s;
88561;s;
88561;s;1100
89581;s;1331.31
89581;s;
89581;s;
89581;s;1859.77
89581;s;
95942;s;1113
95942;s;
95942;s;
88740;s;501.25
88740;s;
88740;s;501.25
89226;s;
89226;s;
89226;s;1506
89226;s;1036
91576;s;1850
91576;s;400
88299;s;1418
88299;s;
88299;s;
88270;s;2538.7
88270;s;1431
88270;s;0.01
88709;s;
88709;s;
88709;s;
88709;s;500
88709;s;
89957;s;
89957;s;
88313;s;0.01
88313;s;0.01
88313;s;1200
89767;s;
89853;s;1129
89767;s;2570
90116;s;1500
90116;s;
90116;s;
89683;s;
89683;s;
89683;s;3342.32
89683;s;
88336;s;
88336;s;1191.05
89028;s;997
89028;s;
89028;s;
96550;s;2609.89
96550;s;
96550;s;1039.73
96515;s;
96515;s;
96515;s;
96515;s;4846
97260;s;
97260;s;
97260;s;715.5
97260;s;715.5
97281;s;392
97281;s;2082.04
96821;s;
96821;s;
96821;s;
96821;s;954
96821;s;954
89092;s;
89092;s;500
89092;s;
89092;s;1500
89291;s;
89291;s;954
89291;s;
96492;s;
96492;s;954
96492;s;800
93023;s;0.01
93023;s;0.01
93023;s;938
97265;s;1045
97265;s;
97265;s;2056.28
97265;s;
96506;s;
96506;s;
96506;s;
96506;s;1235
96909;s;2040
96909;s;0.01
96909;s;1193
96559;s;896
97092;s;
97092;s;
97092;s;1600
97519;s;2828.92
97519;s;160
97519;s;
97519;s;1747.4
96362;s;2013
96801;s;
96801;s;
96801;s;2953.79
96324;s;1093.61
96324;s;0.01
89215;s;
89215;s;500
90319;s;1499.2
90319;s;572.5
90319;s;572.5
96570;s;1350.13
96570;s;
89799;s;916.18
89799;s;
89799;s;
88556;s;
88556;s;
88556;s;
88556;s;
88556;s;
88556;s;
88556;s;
95858;s;
95858;s;
95858;s;
95858;s;1000
89661;s;2000
89661;s;1166.66
89661;s;
89977;s;
89977;s;
89508;s;1030
89508;s;400
88335;s;
88335;s;2349
88335;s;350
88335;s;
89254;s;
89254;s;
89254;s;
89254;s;5442
95295;s;1342.15
95295;s;937
89965;s;
89965;s;
89965;s;
89965;s;3323.41
97078;s;
97078;s;1056.89
96115;s;2192.68
96115;s;
96115;s;
96115;s;
96115;s;
90306;s;2000
90306;s;1500
90306;s;
90306;s;
97367;s;
97367;s;1000
97367;s;1000
96508;s;
96508;s;1161
96508;s;
97030;s;3765.26
97030;s;
97030;s;
97030;s;
97728;s;1550
97728;s;900
96775;s;2200
96775;s;
96775;s;
97155;s;1144.76
97155;s;
97155;s;1003.56
97155;s;
96374;s;1508.02
96374;s;
96374;s;1468.66
96374;s;
96374;s;
96991;n;600
97161;s;
97161;s;857
97161;s;
97411;s;
97411;s;130
97411;s;130
97411;s;130
97214;s;954
97214;s;150
97214;s;150
97006;s;570
97006;s;0.01
97006;s;2522.94
97006;s;0.01
97767;s;1065
97767;s;629.48
97767;s;
96605;s;1800
96605;s;
96605;s;978
97445;n;954
97445;n;954
97445;n;
97110;s;2000
97110;s;
97110;s;
97110;s;1000
96446;s;1078.26
96446;s;
96446;s;2663.94
96520;s;1200
96520;s;
96520;s;
96520;s;979.8
96520;s;
97672;n;2021.72
97672;n;
97672;n;
96644;s;
96644;s;
96644;s;700
96632;s;
96632;s;1447.06
96632;s;500
96632;s;1921.91
96418;s;
96418;s;400
96418;s;
96418;s;
96418;s;
96418;s;1000
97401;s;0.01
97401;s;500
97401;s;200
96634;s;0.01
96634;s;954
96634;s;2452.44
88388;s;2684
88388;s;300
88388;s;
88388;s;
97731;s;730.7
97731;s;0.01
97731;s;2750.08
96694;s;
96694;s;
96694;s;
96694;s;1860
97845;s;
97845;s;250
97845;s;
97845;s;964
97845;s;
96339;s;954
96339;s;1036
96534;n;
96534;n;
96534;n;1200
96534;n;
96581;s;280
97886;n;
97886;n;477.77
97886;n;
97886;n;892.89
96764;s;2500
96764;s;1019
96764;s;
96827;s;
96827;s;
96827;s;
96827;s;980
96673;s;1820
96673;s;
96673;s;
96673;s;1594.83
96673;s;
96673;s;
97490;s;
97490;s;1200
97872;n;3100
97872;n;2100
97872;n;
97872;n;
97033;s;0.01
97033;s;0.01
97033;s;1667.5
96547;s;1060
96547;s;
97333;s;
97333;s;750
97333;s;
97333;s;1900
97333;s;2502.18
97768;s;2959.62
97768;s;954
97768;s;
96362;s;
96541;s;
96362;s;
97958;s;600
97958;s;874
96600;s;
96600;s;2495.32
96600;s;
96600;s;
97537;s;
97537;s;1302.93
97537;s;598.95
96888;s;2266.97
96888;s;
96888;s;
96888;s;
96888;s;1500
97210;s;
97376;s;
97376;s;1800
97376;s;
97376;s;
97210;s;
97210;s;
97210;s;500
96530;s;
96530;s;
96530;s;800
96530;s;
96551;s;1138
96551;s;1065
97804;s;
97804;s;
97804;s;2430.42
97804;s;
97804;s;
96402;s;
96402;s;1000
96402;s;1000
96402;s;
97474;s;
97474;s;
97474;s;691
97729;s;
97729;s;
97729;s;901
97729;s;
96885;s;450
96885;s;900
97489;s;2500
97489;s;
97489;s;
96322;s;
96322;s;
96322;s;3500
96322;s;1500
97461;s;
97461;s;954
97461;s;
97488;s;
97488;s;954
97488;s;1147
97204;s;1327
95902;s;
95902;s;
95902;s;1688.04
95902;s;
97204;s;400
97204;s;
97544;s;500
97544;s;484.65
97447;s;663.81
97447;s;
97447;s;658.26
97094;s;960
97094;s;2900
97094;s;
97094;s;
96543;s;954
96543;s;1100
96543;s;
96543;s;
96543;s;
96543;s;
96642;s;
96642;s;1121.89
96642;s;
96642;s;2041.04
97551;s;
97551;s;400
97551;s;
97551;s;1300
97826;s;954
97826;s;
97826;s;954
97826;s;
97065;s;
97065;s;
97065;s;1049.4
97065;s;1914.12
97487;s;2076.77
97487;s;
97487;s;
97380;n;8571.6
97380;n;400
97380;n;750
97380;n;954
97678;s;1908
97678;s;
97678;s;
97678;s;
97678;s;954
97903;s;1388
97520;s;
97520;s;
97520;s;
97520;s;
97520;s;937
97071;s;
97071;s;
97071;s;1073.29
97071;s;
96807;s;1986.1
96807;s;0.01
96807;s;368
96807;s;0.01
97670;s;954
97670;s;0.01
97718;s;1692
97718;s;0.01
97718;s;0.01
97082;s;0.01
97082;s;1065.01
97082;s;0.01
97082;s;1000
97566;s;
97566;s;
97566;s;1478
97123;s;
97123;s;1276
97123;s;
97632;s;1200
97632;s;
97632;s;
97632;s;600
97390;s;1300
96429;s;1224
96429;s;
97654;s;520
97654;s;
97654;s;4678
97654;s;
97549;s;
97549;s;1500
97549;s;510
97394;s;954
97394;s;912
97394;s;1003.86
97394;s;
97410;s;280
97410;s;280
97410;s;
97410;s;
97354;n;
97354;n;1787
96767;n;3742.27
96767;n;0.01
96767;n;3557.22
96767;n;0.01
97175;s;1208.64
97175;s;
89697;s;
89697;s;1226.22
97543;n;
97543;n;954
97543;n;
97735;s;
97735;s;
97735;s;3041.9
97735;s;1110.85
97383;s;0.01
97383;s;954
97383;s;0.01
97383;s;0.01
97898;s;1400
96806;s;1000
96806;s;0.01
96486;s;0.01
96486;s;1200
96486;s;1500
97458;s;
97458;s;
97458;s;2055.79
97680;s;1514.4
97680;s;2595.59
97680;s;
96980;s;600
96980;s;1148.51
96982;s;
96982;s;1086.91
97371;s;
97371;s;1300
97928;s;
97928;s;570.43
97928;s;802.2
94615;s;1100
94615;s;
96678;s;2000
96678;s;
96678;s;
96678;s;
96678;s;
97743;s;
97743;s;
97743;s;1516.89
95466;s;
95466;s;
95466;s;3417.3
95466;s;
97702;s;
97702;s;1000
97702;s;300
96552;s;1069.64
96552;s;1156.01
96552;s;550
96895;s;
96895;s;4257.42
96895;s;
96895;s;
96895;s;2000
96332;s;
96332;s;1095.65
96927;s;
96927;s;1257.23
96817;s;2681.26
96817;s;
96817;s;
97557;s;1908
97557;s;
97557;s;
96774;s;
96774;s;
96774;s;2000
96774;s;
96405;s;
96405;s;957
96405;s;
96405;s;
96405;s;
97466;s;0.01
97466;s;941.12
97584;s;318
97584;s;516
97589;s;
97589;s;3000
97589;s;954
97831;n;
96541;s;1857
96541;s;
96653;n;1792.52
96653;n;
96653;n;
96653;n;862.61
97711;s;
97711;s;
97711;s;
97711;s;
97711;s;
97091;s;1250
97091;s;
97091;s;
97651;s;
97651;s;
97651;s;
97651;s;
96513;s;
96513;s;
96513;s;1120
97497;s;
97497;s;1908
96637;s;
96637;s;
96637;s;
96637;s;950
96637;s;
97840;s;1256.34
97840;s;
97840;s;
97840;s;
97840;s;2144.14
96504;n;700
96659;s;1600
96659;s;
97705;n;954
97705;n;
97705;n;1431
97705;n;
97705;n;
96545;n;750
97045;s;
97045;s;1487.9
96700;n;2000
97805;s;400
95965;n;1500
95965;n;
95965;n;2500
95965;n;2000
97935;s;
97935;s;3478
97935;s;
97935;s;1050
97935;s;
97666;n;
97666;n;
96756;s;
96756;s;
96756;s;2300
96756;s;
96854;s;1303.74
96854;s;
96854;s;700
97648;s;1908
97648;s;
97109;s;954
97109;s;1500
97109;s;
97682;n;
97682;n;
97682;n;1200
97682;n;3000
97150;s;
97150;s;1531.71
97150;s;
96376;s;954
96376;s;477
96843;s;1000
96843;s;0.01
96843;s;0.01
97915;n;
97915;n;600
97733;n;6980
97733;n;
97733;n;
97733;n;
97733;n;
97733;n;4057.63
97733;n;
97348;s;1229.09
97170;s;
97170;s;
97170;s;1910
97170;s;1065
97170;s;
97170;s;
97969;n;
97969;n;1812
97347;n;
97347;n;4318
97347;n;
97343;n;
97343;n;1538
97343;n;
97660;n;2572
97660;n;
97660;n;
97859;n;
97859;n;
97859;n;958
97859;n;
97286;n;
97286;n;1381
97238;s;3816
97238;s;0.01
97238;s;1592
97238;s;0.01
96780;s;1330.76
96780;s;1231.2
96780;s;1396.65
96780;s;
96456;n;
96456;n;1000
96456;n;
96456;n;438
96456;n;
97019;s;0.01
97019;s;2536.87
97019;s;0.01
97019;s;0.01
97533;s;
97533;s;635.84
97635;s;
97635;s;
97635;s;400
97635;s;3000
96768;s;
96768;s;954
96768;s;954
97708;s;622
97708;s;
97708;s;
97708;s;350
97708;s;
95819;s;
95819;s;
95819;s;
97856;s;
97856;s;
97856;s;
97856;s;
97856;s;1700
96834;s;
96834;s;
96834;s;3495.45
97750;s;
97750;s;2500
97750;s;
97750;s;
96337;s;2500
96337;s;650
96337;s;
96337;s;1565.46
96938;s;400
96938;s;1000
96938;s;1000
96963;s;500
96963;s;2116.62
96963;s;
97878;s;1200
97878;s;
97878;s;1016.53
97878;s;
97878;s;
97878;s;
97312;s;2671.87
97312;s;
97312;s;1871.87
97312;s;
97309;s;1055.04
97309;s;
97257;s;2000
97257;s;
97257;s;
96331;s;
96331;s;1338
96331;s;954
96471;s;1000
96471;s;1300
97664;s;
97664;s;
97664;s;1132.62
97807;s;673.91
97807;s;
97807;s;1150
97392;s;955
97392;s;
97693;s;
97693;s;1564.5
97693;s;598.26
97693;s;
96917;s;954
96917;s;
96917;s;
97259;s;915.4
97259;s;
97259;s;1065
97560;s;
97560;s;948.94
97560;s;
96796;n;1000
96796;n;
97513;s;1065
97513;s;
97513;s;
97350;s;350
97350;s;937
97350;s;
97350;s;
97350;s;
97638;s;4882
97638;s;95.2
97638;s;
97638;s;500
96952;s;1905
96952;s;
96474;n;
96474;n;1200
96474;n;
96584;n;
97442;n;0.01
97442;n;0.01
97442;n;6751.18
97442;n;0.01
88946;s;1000
88946;s;598.95
97752;s;1003.42
97752;s;0.01
97752;s;1096.71
97752;s;0.01
97272;s;
96556;n;
96556;n;2000
96467;n;
96467;n;954
97356;n;1222.68
97356;n;
97356;n;200
97356;n;
97356;n;1065
97948;n;480
97948;n;480
97948;n;399.58
97483;n;
97483;n;
97483;n;
97483;n;2000
96845;s;0.01
96845;s;1735.97
96845;s;0.01
96845;s;0.01
97831;n;1325.31
97831;n;1180
96458;s;3325.26
97831;n;1800
97215;s;
97215;s;1047.12
97215;s;
96378;s;966
96378;s;
97806;s;1000
97264;s;
97264;s;2135.64
97264;s;
97555;s;
97555;s;
97555;s;
97555;s;
96815;s;0.01
96815;s;1254.74
96815;s;1987
97395;s;
97395;s;0.01
97395;s;474.95
97395;s;0.01
96731;s;954
96731;s;
96731;s;954
96731;s;
96361;s;
96361;s;
96361;s;
96361;s;2400
97741;s;400
97741;s;357.75
97741;s;
97741;s;595
97439;s;
97439;s;
97439;s;
97439;s;
97439;s;
96390;s;
96390;s;
96390;s;954
96604;n;
96604;n;740
96840;n;200
96840;n;2322.56
96840;n;
96840;n;
96840;n;
97121;s;700
96866;n;1114
96866;n;986
97465;n;3800
97465;n;
97795;n;
97795;n;
97795;n;3284.61
96683;s;
96683;s;
96683;s;1274.88
96683;s;2358.21
96683;s;954
96683;s;1070.64
97753;s;
97753;s;
97753;s;
97753;s;
97753;s;
97753;s;
97753;s;
97576;s;1740.33
97576;s;
97576;s;
97576;s;
97576;s;
97973;s;
97973;s;2200
97973;s;1386.67
97339;n;2954.28
97339;n;
96859;n;840
97117;s;
97117;s;980
97117;s;
97117;s;
97144;n;0.01
97144;n;0.01
97144;n;1350
97144;n;0.01
96900;s;1280.67
96900;s;1574.1
96900;s;
97782;s;13945.57
97782;s;
97782;s;
97782;s;
96310;s;1262.18
96310;s;
96310;s;
96440;n;
96440;n;1000
96440;n;480
97773;n;
97773;n;4135
97773;n;
97273;s;
97273;s;
97273;s;250
96698;s;
96698;s;
96698;s;
96698;s;
96698;s;1600
96698;s;727
97675;s;
97675;s;
97675;s;954
90048;n;
90048;n;
97864;n;
97864;n;763.2
97864;n;763.2
97793;s;100
97793;s;1100
96523;s;187.5
96523;s;187.5
96523;s;1423
96523;s;1678
96915;s;0.01
96915;s;0.01
96915;s;2500
96915;s;0.01
89906;n;
89906;n;954
89906;n;
96914;s;175
96914;s;175
96914;s;
96914;s;2544.63
96951;s;
96951;s;
96951;s;954
96951;s;
96951;s;
96951;s;
97406;s;
97406;s;
96327;s;
96327;s;
96327;s;240
96327;s;1344.4
96327;s;1631
96327;s;
97379;s;1257
97379;s;
97379;s;
97885;s;
97885;s;
97885;s;400
97885;s;
97885;s;1181.25
97174;s;1568
97174;s;880
97174;s;
96635;s;1436.43
96635;s;
97760;s;
97760;s;
97760;s;1748
97760;s;1492.58
97970;n;1118
97970;n;
97970;n;1060
97970;n;477
88792;n;2500
88792;n;
88792;n;
88792;n;
88792;n;
97669;s;
97669;s;
97669;s;1627.2
97337;s;1244.44
97337;s;1908
97337;s;0.01
96883;s;
96883;s;4627.05
96883;s;
96883;s;
96883;s;
97003;s;
97003;s;2066
97003;s;
97003;s;
96511;s;970
96511;s;
96511;s;
96511;s;
97069;s;1074
97069;s;
97069;s;350
97617;s;1000
97617;s;0.01
97617;s;950
97837;s;
97837;s;2000
97837;s;
97837;s;
97837;s;
97837;s;
97455;s;
97455;s;
97455;s;2900
97455;s;
97455;s;
97180;s;954
97180;s;1200
97180;s;
97180;s;500
97558;s;705.5
97558;s;
97558;s;2050
97558;s;
97468;s;954
97468;s;300
97173;s;1834.96
97173;s;1587.43
97173;s;
97173;s;
97965;s;424
97965;s;
97965;s;424
97965;s;424
97965;s;
97965;s;
97965;s;424
97370;s;
97370;s;2549.02
97370;s;1038
97299;s;99
97299;s;
97299;s;150
97136;s;
97136;s;
97136;s;1000
97665;n;
97665;n;1383
97665;n;
97665;n;
97766;s;1000
97766;s;1
96858;s;2311.19
96858;s;
96858;s;
96858;s;
96458;s;
96790;n;2189.94
96458;s;
96458;s;1200
96962;s;
96962;s;
96962;s;1200
96962;s;
96925;n;
96321;n;
96321;n;
96321;n;849.06
97534;s;
97534;s;
97534;s;
97534;s;1342
97457;s;450
97457;s;300
97469;s;
97469;s;1211.13
97469;s;
97484;n;500
97751;s;
97751;s;2000
96941;n;
96941;n;3000
96941;n;
96941;n;
96828;s;
96828;s;
96828;s;
96830;s;
96830;s;
96830;s;
96397;s;
96397;s;
96397;s;
96397;s;3210
97774;n;600
97774;n;1.11
97774;n;1500
96433;s;600
96889;n;
96889;n;
96889;n;
96889;n;550
96716;s;
96716;s;
96716;s;940
96953;s;2437.5
96953;s;
96953;s;
96953;s;
97327;s;
97327;s;
97327;s;
97736;s;840
97736;s;
97736;s;450
96959;s;
96959;s;954
96959;s;
96959;s;
96622;s;
96622;s;1206.55
97089;s;
97089;s;1637.16
97089;s;
96738;s;
96738;s;
96738;s;600
96738;s;2120
96973;s;
96973;s;
96973;s;
96973;s;2600
96921;s;
96921;s;954
96921;s;2030
88514;n;
97998;s;0.01
97998;s;0.01
97998;s;1276
97998;s;0.01
97998;s;877.68
96808;s;1500
96808;s;
97496;s;954
97496;s;0.01
97496;s;0.01
97002;s;
97002;s;1408
96691;s;
96691;s;
96691;s;
96691;s;954
96341;s;
96341;s;2461.42
97722;s;
97722;s;
97722;s;
97722;s;3000
97722;s;
96993;s;940
96993;s;
97867;s;
97867;s;1500
97867;s;
96974;s;436.2
97057;s;937
97057;s;1600
97057;s;
97567;n;1323
97567;n;
97567;n;1487.11
97567;n;
97567;n;
97567;n;
97306;n;930
96994;n;1233
96994;n;1061.55
96994;n;
97626;n;
97626;n;954
97626;n;
97971;n;
96430;n;937
96430;n;
97615;n;10
97615;n;
97615;n;4477
97615;n;10
97451;n;
97451;n;
97491;n;1065
97526;n;1375
97526;n;
97526;n;
97895;n;3081.83
97895;n;
97895;n;
97895;n;
97825;n;640
97825;n;400
96392;n;1197.54
96392;n;880
96392;n;
96392;n;
97967;n;2500
97967;n;
97747;n;1274
97747;n;
97747;n;
96954;n;979.8
96454;n;0.01
96454;n;0.01
96454;n;0.01
96454;n;0.01
96454;n;1834
97086;n;500
97042;s;
97042;s;
97042;s;4259.13
96139;n;
96139;n;2800
96139;n;
96421;n;300
97166;s;0.01
97166;s;0.01
97166;s;1519.25
97166;s;457.14
97587;s;2578.84
97587;s;
97587;s;
97587;s;1327.72
97634;n;
97634;n;
97634;n;850
97634;n;
97456;n;
97456;n;3935.12
97456;n;
97703;n;2326
97703;n;
97703;n;2750
97703;n;750
97703;n;
96344;n;
96344;n;
96344;n;1223.64
96344;n;1025
96344;n;
97881;s;0.01
97881;s;2250
97881;s;0.01
97881;s;0.01
97132;s;
97132;s;1066
97132;s;937
97432;n;2589.02
97432;n;
97432;n;
96408;s;
96408;s;
96408;s;
96408;s;2400
97499;n;1156.79
97499;n;478.19
97151;s;
97151;s;1122
97151;s;
97151;s;
97151;s;
96810;s;
96810;s;1171
96810;s;
97300;n;120
97300;n;38
97300;n;0.01
97300;n;38
97300;n;935
97300;n;38
97300;n;38
97300;n;0.01
88915;n;
88915;n;
88915;n;954
88915;n;1908
96388;n;0.01
96388;n;3000
96388;n;0.01
96388;n;0.01
96328;s;900
96328;s;900
96328;s;
96328;s;
97386;n;100
97386;n;100
97386;n;954
96842;s;
96842;s;430
96842;s;830
96536;s;
96536;s;954
96536;s;
97907;n;2500
97907;n;
97907;n;
97907;n;600
97817;s;
97817;s;1910
97012;s;1023
96790;n;3639.93
96790;n;0.01
96790;n;0.01
88435;n;
88435;n;
88435;n;2000
88435;n;1500
88435;n;
96591;n;954
96591;n;
96591;n;
97365;s;
97365;s;1267.07
96625;s;
96625;s;954
96625;s;954
96920;s;0.01
96920;s;0.01
96920;s;1170
96920;s;1036.83
97586;s;1221
97586;s;0.01
97706;s;3200.5
96677;s;0.01
96677;s;1484.97
96677;s;150
97706;s;
90226;s;1200
90226;s;
97706;s;
97706;s;
97706;s;1102.86
97706;s;
97706;s;
97788;n;5000
97788;n;
97788;n;
97788;n;
97724;s;954
97724;s;0.01
97724;s;1298.75
97724;s;0.01
97724;s;240
96449;s;1391.71
96449;s;0.01
96449;s;0.01
96449;s;0.01
96449;s;2111.98
97640;s;
97640;s;954
97640;s;
97640;s;
97431;s;
97431;s;300
97601;s;2136.91
97601;s;
97601;s;
97601;s;
97324;n;1000
97324;n;
97324;n;
97324;n;1000
97453;n;
97453;n;900
97942;s;
97942;s;
97942;s;850
96696;n;900
97940;n;1200
97940;n;
97940;n;1300
97777;s;0.01
97777;s;2571.87
97777;s;0.01
97172;s;
97172;s;
97172;s;350
97305;s;954
97305;s;980
88814;s;
88814;s;954
88814;s;954
97208;n;1500
97208;n;
97208;n;2000
97208;n;
97305;s;
97305;s;
96886;s;0.01
96886;s;0.01
96886;s;0.01
96886;s;0.01
96886;s;1572.39
97113;s;750
97113;s;
97208;n;
97208;n;954
96548;s;1065
98021;s;3261.09
98021;s;0.01
98021;s;477
98021;s;0.01
98021;s;0.01
98021;s;0.01
97598;n;
97598;n;1000
97598;n;
96784;s;
96784;s;
96784;s;
96784;s;1000
97156;s;650
97156;s;
96976;s;1000
96976;s;
96410;n;2500
96410;n;
96410;n;
96410;n;727.94
96410;n;3386.5
97996;s;0.01
97996;s;1500
97594;n;1200
97594;n;260
97594;n;
97594;n;849
96867;s;500
96867;s;900
97205;s;
97205;s;
97205;s;1420.93
96461;s;
96461;s;
96461;s;1400
96461;s;
96809;s;
96809;s;
96809;s;2413.14
96809;s;
97375;s;900
97375;s;
97375;s;
97375;s;954
97884;s;400
97884;s;954
97884;s;
96781;s;1063.81
96781;s;
96781;s;
96988;s;0.01
96988;s;0.01
96988;s;1000
96988;s;0.01
96718;n;5445.26
96718;n;
96718;n;
96718;n;
96987;s;0.01
96987;s;1000
96987;s;1883.16
97850;s;800
97850;s;0.01
97850;s;954
97761;s;0.01
97761;s;600
97761;s;0.01
97761;s;0.01
96966;n;1188.79
96966;n;
96966;n;954
96348;n;
96348;n;1500
96385;s;900
96385;s;900
96385;s;
96385;s;
96385;s;300
93679;s;
93679;s;
93679;s;2000
97908;s;1908
97908;s;0.01
97022;s;0.01
97022;s;0.01
97022;s;1100
97470;s;2771.91
97470;s;
97470;s;
96869;s;1874
96869;s;
97017;s;954
97017;s;
97017;s;800
97035;s;600
97035;s;
97035;s;
97035;s;
96985;s;943.4
96985;s;
96443;s;1800
96443;s;
96443;s;
96975;s;
96975;s;
96975;s;900
97572;s;3165.26
97572;s;
97572;s;
97572;s;
96482;s;1537.27
96482;s;
96482;s;
97529;s;
97529;s;1065
97529;s;
97529;s;
96890;n;1500
96890;n;
96890;n;
97146;s;1769.46
97146;s;
97146;s;
97146;s;943.24
96912;s;1666
96912;s;
96912;s;
96912;s;
96912;s;
96912;s;1750
96992;s;
96992;s;1435
96992;s;
96992;s;
96992;s;
97924;n;
97924;n;
97924;n;
96597;n;
97851;s;
97851;s;
97851;s;954
97012;s;
97012;s;1367.85
96444;s;1000
97012;s;
97012;s;
97290;s;954
97290;s;
96345;s;
96345;s;
96345;s;
96345;s;
96345;s;190.8
89826;s;
89826;s;
97546;s;1430.71
97546;s;469.08
97417;n;477
97417;n;2374.66
97417;n;263.75
97417;n;1200
96369;s;
96369;s;500
96369;s;
96369;s;
96369;s;
97405;s;1100
97405;s;
97405;s;1800
97405;s;
96666;n;
96666;n;954
96666;n;10754.41
96666;n;1185
96666;n;
96369;s;
97211;s;
97211;s;
97211;s;
97211;s;
97211;s;900
88911;n;
88911;n;954
88911;n;2000
88911;n;1021
89894;n;1065.16
89894;n;
97668;n;0.01
97668;n;0.01
97668;n;0.01
97808;n;2604
97808;n;1500.74
97808;n;1459.08
97808;n;
96697;n;
96697;n;
96697;n;3294
96697;n;
97404;s;1745
97404;s;
97404;s;
96643;s;
96643;s;
96643;s;954
97710;n;
97710;n;2693.85
97472;s;
97472;s;1200
96835;n;
96835;n;
96835;n;4000
96946;n;
96946;n;2200
97791;n;1600
97791;n;
96860;n;
96860;n;2400
96969;s;
96969;s;
96969;s;350
96969;s;350
88425;n;
88425;n;
88425;n;1997
88425;n;
97463;n;
97463;n;1649.02
97463;n;
96577;n;
96577;n;1600
96577;n;
96577;n;
96577;n;
97125;n;1212.32
97125;n;
97125;n;
97512;s;
97512;s;954
97512;s;555.67
97116;s;800
97116;s;
97116;s;
97116;s;1237.2
97824;s;1014
97824;s;
97824;s;
97824;s;964
96978;s;200
97511;n;
97511;n;
97511;n;
97511;n;4000
97029;s;
97029;s;937
97029;s;937
97029;s;
97769;n;
97769;n;
97482;n;
97482;n;
97482;n;954
96561;n;
96561;n;942
96561;n;
97655;n;2021.72
97655;n;
97655;n;
97920;n;0.01
97920;n;0.01
97920;n;800
97920;n;250
97920;n;600
96957;n;1020
96957;n;
96957;n;
97834;s;0.01
97834;s;954
97834;s;0.01
97844;n;
97844;n;2712.79
97844;n;1800
97844;n;
97844;n;
96483;n;1000
96949;s;2334.29
96949;s;
96949;s;
96356;s;937
96356;s;
97858;s;
97858;s;1118.17
97858;s;1046
97858;s;
97796;s;3197.45
97796;s;
97796;s;
97796;s;
97612;s;954
97612;s;
97612;s;1160
96879;s;2230
96879;s;
96879;s;
96412;s;
96412;s;
96412;s;954
97803;s;
97803;s;1065
97803;s;
97740;s;
97740;s;
97740;s;
97740;s;
97740;s;1500
97740;s;
96682;s;
96682;s;
96682;s;390
97236;s;1500
97236;s;400
97573;s;1085
97573;s;950
97573;s;
97357;s;1200
97357;s;
97981;s;956
97981;s;0.01
97107;s;2255.17
97107;s;
97107;s;598.95
96417;s;300
96417;s;1000
96417;s;300
97901;s;0.01
97901;s;0.01
97901;s;2621.56
97364;n;685
97364;n;
97364;n;680
97927;s;
97927;s;1750.48
97927;s;
97106;n;1038
97106;n;
97106;n;
97058;s;954
97058;s;
97028;s;
97028;s;1542.67
97028;s;
97028;s;
96516;s;1000
97754;s;
97754;s;
97754;s;2500
97754;s;
96336;n;
96336;n;
96336;n;
96336;n;954
89565;s;
89565;s;
89565;s;1685
96999;s;
96999;s;1583.33
96999;s;1576.67
96945;s;1576.15
96945;s;
96576;s;2500
96576;s;1200
96576;s;1500
96576;s;0.01
96576;s;0.01
96674;s;280
96674;s;954
97565;n;
97565;n;
97565;n;
97565;n;
97011;s;
97011;s;1000
97011;s;
97011;s;954
96444;s;
96444;s;1500
96444;s;1200
96795;n;2500
96451;s;
96451;s;1500
96451;s;1200
96451;s;1000
97388;s;427.26
97388;s;2231.8
97388;s;947.71
97388;s;0.01
97266;s;1231.13
97266;s;0.01
97266;s;0.01
96761;s;0.01
96761;s;0.01
96761;s;800
96761;s;0.01
97475;s;0.01
97475;s;1000
97475;s;1409.62
97475;s;0.01
97056;s;0.01
97056;s;1065
96663;s;2145.25
96663;s;
96679;s;1423.97
96679;s;0.01
97995;s;250
97995;s;
97995;s;
97995;s;250
97183;s;
97183;s;
97183;s;1021.69
97147;s;250
97147;s;1000
97147;s;900
97147;s;
97716;s;986.21
97716;s;0.01
97951;s;
97951;s;365.18
97951;s;2401.45
97951;s;
97997;s;1295.56
97997;s;
97997;s;
97997;s;
97997;s;1515.34
97997;s;
97997;s;
88593;s;937
88593;s;0.01
96396;s;
96798;s;
96798;s;1500
97762;n;1800
97762;n;600
97256;s;2827.96
97256;s;511.2
97256;s;0.01
97762;n;1200
96983;s;
96983;s;1973
97569;s;1054
97569;s;954
97569;s;
96593;s;815
96593;s;
96448;s;
96448;s;
96448;s;
96448;s;477
96448;s;2600
97748;s;
97748;s;
97748;s;1276.06
96537;s;954
97149;s;
97149;s;
97149;s;
96375;s;2800
96375;s;
97820;s;
97820;s;1693.28
97820;s;3330.43
97820;s;
97608;s;2144.49
97608;s;
97608;s;
97608;s;364
97536;s;1000
97536;s;
97536;s;
96855;s;3458.43
96855;s;
96855;s;
96419;s;
96419;s;
96419;s;600
96972;s;1272
96972;s;
96972;s;1341.41
96395;s;1279.21
96395;s;
96395;s;
96747;s;
96747;s;900
96747;s;
96335;s;1730.69
96335;s;0.01
96961;s;500
97222;s;
97222;s;1000
97756;s;
97756;s;954
97756;s;954
96307;s;1433.49
96307;s;
96307;s;
96838;s;120
96838;s;797.42
96838;s;0.01
96838;s;2213.38
96799;n;
97408;s;900
97408;s;2000
97408;s;
97408;s;
97408;s;
96311;n;
96311;n;2581
96311;n;
96431;s;730
96431;s;730
96312;n;3075.66
96312;n;200
96312;n;1831.16
88855;s;767
88855;s;1562.72
88855;s;
97026;s;2800
97026;s;
97026;s;550
96560;s;
96560;s;
96868;s;1094
96868;s;1617.75
96868;s;
96610;s;975
96610;s;
96689;s;
96689;s;3228.62
96689;s;
96689;s;
97947;s;
97947;s;
97947;s;
97947;s;
97947;s;620
97947;s;
97181;n;1828.5
97181;n;
97181;n;
97181;n;1090.94
97426;n;
97426;n;1250
97426;n;
97426;n;
97593;s;
97593;s;
97593;s;840
97593;s;1100
97685;n;2440.73
97685;n;
97685;n;1322.19
97685;n;
96719;s;0.01
96719;s;0.01
96719;s;2682
96371;s;440
96371;s;2000
96371;s;800
96371;s;954
97385;s;1578.18
97385;s;700
97385;s;
97385;s;
96535;n;
96535;n;
96535;n;
96535;n;957
96535;n;2200
96535;n;
97015;s;250
97015;s;640
97921;n;0.01
97921;n;0.01
97921;n;0.01
97921;n;0.01
97921;n;1100
97178;n;9031.02
97178;n;
97178;n;
97178;n;
97688;n;
97688;n;1200
97688;n;4410.26
97688;n;
96874;s;629.87
96874;s;300
96685;s;1260.88
96685;s;993.85
97597;n;
97597;n;500
97597;n;500
97597;n;
97597;n;500
96425;n;
96425;n;
96425;n;750
96425;n;1064
97700;s;
97700;s;
97700;s;
97700;s;
97700;s;
96675;n;550
97250;n;
97250;n;
97250;n;2600
97250;n;1289
97201;s;1937.18
97201;s;
97201;s;1271.02
96493;n;
97024;n;600
96353;s;477
96353;s;0.01
96353;s;0.01
96894;s;1065
96894;s;
96894;s;
97863;s;1300
97863;s;
96795;n;
96795;n;
97014;n;2954
97014;n;
97014;n;2125.82
97014;n;
97384;n;
97384;n;
97384;n;
97384;n;1900
97486;n;
96795;n;
96795;n;
96795;n;
96795;n;
96864;s;1336.01
96598;s;1431
96598;s;
96598;s;
96598;s;
96598;s;
97389;s;1500
97389;s;0.01
97857;n;
97857;n;7500
97857;n;
97857;n;
96804;n;
96804;n;
96878;n;
96878;n;1425.6
97372;n;763.2
88904;n;400
97372;n;954
97372;n;
97372;n;
96438;n;
96438;n;5000
96438;n;
96438;n;
97039;s;954
97039;s;
97039;s;954
97833;n;
97833;n;800
97505;n;
97505;n;1582.81
97505;n;
96755;s;
96755;s;
96755;s;2688.39
96654;s;
96654;s;
96654;s;1500
97929;s;
97929;s;
97929;s;2839.38
97775;n;
97775;n;
97775;n;3000
97775;n;2200
97779;s;400
97779;s;2360
97779;s;
96787;s;1140
96787;s;
96787;s;1065
96825;s;
96825;s;954
96825;s;2468.28
96825;s;
97360;s;0.01
97360;s;3046.07
97360;s;76.66
97360;s;2136.66
97790;s;
97790;s;1118
97790;s;1065
97790;s;
95926;s;0.01
95926;s;0.01
95926;s;0.01
95926;s;800
97158;s;1331.24
97158;s;
97158;s;
97158;s;1825
97112;n;250
97471;s;937
97471;s;
96409;s;955.48
96409;s;
96533;s;
96533;s;954
96533;s;
97111;s;300
97111;s;500
97111;s;
97111;s;958
97657;s;0.01
97657;s;0.01
97657;s;0.01
97657;s;1000
97757;n;
97757;n;2500
96323;n;
96323;n;1500
96323;n;
96323;n;
96323;n;1500
97938;n;1600
97938;n;
97938;n;
97938;n;
97938;n;
97938;n;
96602;n;
96602;n;1500
97340;n;
97340;n;1030
97340;n;
97159;s;100
97159;s;50
97159;s;10
97764;s;420
97764;s;950
96612;n;
96612;n;1450
96612;n;
97510;n;925
97510;n;
97510;n;925
97865;n;
97865;n;
97095;n;800
97095;n;1
97865;n;954
96871;n;
96871;n;
96871;n;
96871;n;1200
97517;n;
97517;n;1540
97459;n;
97459;n;800
97459;n;800
97459;n;
88692;n;
88692;n;852.61
88692;n;7026.44
88692;n;
97823;n;1200
97823;n;329.13
97823;n;329.13
96343;n;
96343;n;954
96343;n;954
96343;n;
97316;n;3630
97316;n;
97316;n;860
97316;n;
97316;n;
97135;s;2368.26
97135;s;
97135;s;
97119;s;1200
97604;n;
97604;n;
97604;n;2276.33
97604;n;
96538;s;
96538;s;1300
96926;n;
96926;n;5358.22
96926;n;
96926;n;2320.79
97642;s;1240
97642;s;
97642;s;1075
97642;s;
97603;n;
97603;n;5341.37
97603;n;
97603;n;
97603;n;
97603;n;
97870;n;
96688;s;
96688;s;1577.4
96688;s;500
96688;s;
97870;n;
96481;s;
96481;s;1908
96703;n;2000
96708;n;
96708;n;
96708;n;1326.99
97378;n;
97378;n;1145
97378;n;
97606;n;1090
97606;n;1900
97606;n;
97739;n;
97739;n;
97739;n;1500
97739;n;
97739;n;
97253;s;3500
97253;s;2040
97253;s;
97253;s;
97891;s;984.2
97891;s;
97276;n;
97276;n;1500
97891;s;
97827;n;954
97827;n;500
97827;n;954
96726;n;200
97007;n;1970
96407;s;230
96407;s;400
97007;n;
96564;n;817.34
96564;n;
96564;n;2104.01
96564;n;
96564;n;
96564;n;
97270;n;
97270;n;
97270;n;
97270;n;
97270;n;350
97270;n;
97270;n;
97270;n;
97945;s;
97945;s;6900
97945;s;
97945;s;
97832;n;3500
97832;n;1328
97832;n;
97832;n;
97945;s;
96370;n;1200
96370;n;
96877;n;2115.15
96877;n;
96877;n;1451.65
97980;s;
97980;s;
97980;s;900
97486;n;
97734;n;1023.23
97734;n;947.41
97734;n;550
97407;s;
97407;s;
97407;s;
97407;s;1032
97842;n;
97842;n;4988.06
97842;n;
97842;n;
96462;s;1768.9
96462;s;350
96462;s;
96462;s;516
97476;n;960
97476;n;
97114;n;1600
97114;n;1805.1
97114;n;1020
97114;n;954
97667;n;3000
97667;n;968
97667;n;
97667;n;
96424;s;1431
96424;s;
97991;s;1024.6
96316;n;1800
96316;n;1800
96316;n;
96368;s;1700
96368;s;
96368;s;
97991;s;0.01
97991;s;0.01
96628;n;200
96628;n;
96628;n;87
96628;n;
96628;n;
96628;n;1065
97104;s;
97104;s;1908
97698;s;954
97373;n;
97373;n;1065
97427;s;1100
97427;s;
97427;s;1000
97427;s;1100
96788;n;
96788;n;1391.48
96788;n;
96819;n;2376
96819;n;
96819;n;
96819;n;
96819;n;
96641;n;1364.78
96641;n;
96641;n;4080.45
95554;n;4242
95554;n;
95554;n;
97662;n;700
97165;s;
97165;s;2000
97914;n;
97914;n;1550
97502;s;6720.13
97502;s;
97502;s;
97502;s;
97502;s;
97217;s;
97217;s;
97217;s;2358.87
97217;s;
97816;n;4500
97816;n;
97816;n;
97816;n;
96558;s;2247.22
96558;s;
96558;s;
96558;s;
97816;n;
97755;n;
97755;n;
97755;n;900
97755;n;1424.32
97377;n;
97377;n;954
96758;s;
96758;s;
96758;s;1355.39
96725;n;4137
96725;n;
96725;n;
96725;n;954
96725;n;1838.75
97725;n;
97725;n;
97725;n;
97725;n;1530
97656;n;
97656;n;3232
97656;n;
97841;n;2650
97841;n;
97100;n;1250
97100;n;
97503;s;972.03
97503;s;950
96445;s;1568
96445;s;
96445;s;
97765;s;954
97765;s;0.01
97100;n;1300
97100;n;
97100;n;1130
97993;s;1500
97993;s;0.01
97993;s;0.01
96563;s;
96563;s;937
98002;s;
98002;s;
98002;s;954
97545;s;
97545;s;430
88059;s;
88059;s;
88059;s;598
97269;s;
97269;s;954
97269;s;
96633;s;
96633;s;
96633;s;600
97613;s;1030
97613;s;
97613;s;
97613;s;
97613;s;4884
96724;s;
96724;s;1322.35
96527;s;300
96527;s;900
96724;s;257.9
97152;s;
97152;s;
97152;s;
97152;s;954
96882;s;
96882;s;400
97428;s;
97428;s;1000
97550;s;1000
97550;s;
97550;s;
97550;s;
93175;s;0.01
93175;s;2500
93175;s;0.01
97625;s;
97625;s;415
97625;s;415
96669;s;1210.71
96669;s;
96669;s;
97645;s;3625.97
97645;s;1020
97645;s;
97645;s;
96358;s;
96358;s;1310.29
96358;s;1244.14
96358;s;
96818;s;
96818;s;
96818;s;1200
90296;s;1014
90296;s;
90296;s;1800
90296;s;
93017;s;0.01
88214;s;
88214;s;
88214;s;
88214;s;954
93017;s;1100
93017;s;880
89331;s;937
89331;s;
90259;s;350
90259;s;1685
90259;s;
90259;s;
90259;s;
89331;s;511
97673;s;
97673;s;
97673;s;1950
97673;s;1200
89625;s;1051.03
89625;s;2162.52
89625;s;
96745;s;
96745;s;
96745;s;1700
96745;s;
95751;s;
95751;s;600
98041;s;1
