inscricao;deferimento;renda_mensal
87994;1;540.0
87995;1;909.6833333333334
87996;1;471.3333333333333
87997;1;350.005
88002;1;910.8733333333333
88006;0;850.0
88009;1;406.6666666666667
88010;1;477.0
88013;0;966.6666666666666
88015;1;200.0
88020;1;460.0
88021;1;280.0
88022;1;476.42
88024;1;818.0
88025;1;990.9119999999999
88040;1;238.5
88041;1;483.6666666666667
88042;1;562.9125
88043;1;611.5
88048;1;650.0
88053;1;624.6666666666666
88054;1;1228.0
88055;1;750.0
88057;0;1491.0
88059;1;199.33333333333334
88061;0;954.0
88062;0;1869.61
88063;1;379.88000000000005
88069;1;648.3333333333334
88071;0;225.0
88075;0;1533.74
88085;1;1034.25
88087;1;480.0
88088;1;312.3333333333333
88089;1;0.0
88090;1;792.6666666666666
88093;0;317.07
88096;1;425.76
88098;1;972.1999999999999
88102;1;385.3333333333333
88107;1;1225.0
88115;1;949.38
88117;1;228.25
88118;1;445.6666666666667
88122;1;150.0
88123;1;804.6
88129;1;1035.1399999999999
88141;1;1116.5833333333333
88149;1;290.0
88156;1;699.1199999999999
88166;1;370.8
88167;1;315.0
88179;1;363.5
88180;1;410.93
88189;1;543.3333333333334
88190;1;750.0
88192;1;1418.4775
88196;1;342.5
88197;0;361.5233333333333
88198;0;450.0
88201;1;1023.425
88203;0;1800.0
88204;1;343.0675
88205;1;200.0
88207;1;818.0
88210;1;234.25
88211;1;156.16666666666666
88214;1;238.5
88218;1;505.59999999999997
88225;1;782.5
88227;1;220.0
88229;1;1120.0
88235;1;224.665
88236;1;1226.6049999999998
88238;1;450.0
88241;1;500.0
88244;1;1052.5025
88248;0;624.0
88251;0;1044.3266666666666
88257;1;1274.685
88265;1;318.0
88267;1;914.0
88270;1;1323.2366666666667
88272;1;1270.5075
88276;1;550.0
88280;1;858.0
88281;1;867.2366666666667
88282;1;190.0
88283;1;92.5
88292;1;366.75
88297;1;318.0
88298;1;489.9
88299;1;472.6666666666667
88301;1;278.0
88306;0;1166.6666666666667
88310;1;535.0
88312;1;849.485
88313;1;400.00666666666666
88314;1;765.0
88315;1;681.49
88318;1;760.0
88319;1;318.0
88323;1;478.115
88324;1;804.75
88326;1;790.0
88328;0;1391.1733333333334
88335;1;674.75
88336;1;595.525
88343;1;778.75
88352;1;296.24
88354;0;331.7942857142857
88356;1;300.0
88362;1;567.0233333333333
88374;1;1069.2675
88384;1;468.79333333333335
88385;1;500.0
88386;1;636.0
88388;1;746.0
88390;1;783.6
88391;1;983.6075000000001
88397;1;400.0
88401;1;478.33
88404;1;950.45
88410;1;488.6775
88414;1;468.005
88419;0;900.0
88422;1;708.3000000000001
88425;0;499.25
88426;0;966.1433333333334
88427;1;833.3333333333334
88428;1;915.9
88429;1;400.0
88430;0;1156.6666666666667
88434;1;700.0
88435;0;700.0
88436;0;640.0
88438;1;642.356
88443;1;582.0433333333334
88448;1;806.1020000000001
88451;1;668.25
88469;1;876.88
88475;1;687.04
88481;0;769.25
88492;1;7642.6
88499;1;900.0
88500;1;250.0
88501;1;466.6666666666667
88502;0;375.0
88514;0;0.0
88516;1;345.0
88521;1;1181.816
88524;1;375.0
88532;1;446.77333333333337
88534;1;1168.0666666666666
88537;1;375.0
88540;1;658.0
88549;1;950.0
88550;0;751.5
88556;1;0.0
88558;1;230.0
88561;1;844.555
88566;0;450.8
88567;1;1000.0
88570;1;804.6375
88571;1;1283.7566666666664
88574;1;691.0
88575;1;417.975
88592;1;468.5
88593;1;468.505
88594;1;500.0
88598;1;333.3333333333333
88599;1;946.6666666666666
88602;1;816.9275
88605;1;793.3333333333334
88612;1;563.5
88613;1;849.0466666666666
88615;1;933.3333333333334
88616;1;996.075
88626;1;233.33333333333334
88627;1;1091.8766666666668
88635;0;833.3333333333334
88639;1;640.7766666666666
88641;1;200.0
88645;1;733.3266666666667
88646;1;800.7974999999999
88649;1;210.8
88655;1;166.66666666666666
88657;1;1075.0525
88663;1;320.65
88666;1;180.0
88671;1;559.25
88679;1;665.0
88680;1;500.005
88685;1;709.89
88688;1;815.2933333333334
88689;1;300.0
88692;0;1969.7624999999998
88695;1;312.3333333333333
88696;1;334.78000000000003
88699;0;427.06666666666666
88707;1;900.0
88709;1;100.0
88710;1;400.0
88715;1;238.5
88716;1;615.135
88719;1;1227.6666666666667
88722;1;482.22333333333336
88723;1;834.44
88728;1;558.125
88729;1;590.0
88732;1;817.89
88733;1;949.38
88740;1;334.1666666666667
88741;1;536.34
88747;1;283.25
88748;1;666.6666666666666
88752;1;375.0075
88754;0;1333.3333333333333
88755;1;0.0
88756;1;773.105
88757;1;833.34
88760;1;833.3333333333334
88762;1;234.8
88763;1;366.6666666666667
88770;1;550.0
88771;1;568.1
88774;1;477.0
88776;1;275.0
88777;1;302.0
88784;1;918.8933333333334
88790;1;1039.3333333333333
88792;0;500.0
88796;1;385.0
88797;0;600.0
88798;0;1008.2779999999999
88802;1;570.45
88803;1;380.0
88804;1;727.7275
88806;1;868.2
88807;1;600.0
88810;1;318.0
88812;1;697.84
88813;1;504.625
88814;1;636.0
88820;1;997.5
88821;1;937.0
88823;1;398.6666666666667
88824;1;1187.5
88828;1;333.3333333333333
88833;1;325.0
88839;0;501.73400000000004
88841;1;525.0
88842;1;651.7
88844;1;950.0
88845;1;1230.29
88846;1;1116.5
88854;1;815.1566666666666
88855;1;776.5733333333334
88857;1;1236.4025000000001
88859;1;600.0
88861;1;636.525
88864;1;1103.0149999999999
88865;1;75.83250000000001
88867;1;713.6666666666666
88869;1;627.0
88871;1;937.0
88872;1;477.0
88876;1;533.3333333333334
88879;1;751.2066666666666
88881;1;821.624
88882;1;374.0
88883;1;250.0
88886;1;374.0
88887;1;374.0
88899;1;413.0
88904;0;400.0
88905;1;466.6666666666667
88906;1;375.16428571428565
88910;1;1116.388
88911;0;993.75
88915;0;715.5
88916;1;1333.3333333333333
88927;1;834.5066666666667
88932;0;1069.0
88944;1;578.25
88946;1;799.475
88948;1;655.0
88951;1;866.4
88953;1;250.0
88956;1;274.0
88957;0;271.6
88958;1;991.8625
88961;1;500.0
88966;1;616.0
88971;1;765.0
88973;1;275.0
88977;1;732.25
88978;1;400.0
88980;1;1122.782
88983;1;200.0
88987;1;316.6666666666667
88988;1;712.3333333333334
88990;1;750.0
88991;0;750.0
88993;1;477.68
89003;0;668.5
89006;1;1199.76
89013;1;336.15
89017;1;685.6975
89022;1;1212.3333333333333
89028;1;332.3333333333333
89029;1;318.0
89036;1;421.65
89039;1;241.75
89042;0;1277.8525
89045;1;517.5
89046;1;480.51750000000004
89047;1;436.6666666666667
89048;1;654.6025
89056;1;324.3333333333333
89061;1;300.0
89062;1;502.19400000000013
89075;1;450.0
89077;1;933.925
89083;1;1244.072
89086;1;831.3774999999999
89091;1;706.9533333333333
89092;1;500.0
89094;1;1051.234
89096;1;312.3333333333333
89105;1;1044.774
89111;1;1060.6
89116;0;0.0
89120;1;783.71
89125;1;566.6666666666666
89128;1;190.8
89129;1;365.305
89134;1;482.4883333333334
89137;1;791.0099999999999
89147;1;555.8299999999999
89151;0;2821.1299999999997
89162;1;975.0
89163;0;1333.3333333333333
89164;1;425.0
89165;1;1361.78
89168;1;1015.0
89170;1;747.4
89181;1;750.0
89188;0;600.0
89189;1;485.89833333333337
89199;1;1300.7725
89202;0;1539.7
89207;1;480.0
89211;1;1188.7925
89212;1;0.0
89215;1;250.0
89216;1;287.2875
89218;1;1243.8400000000001
89223;1;529.8333333333334
89226;1;635.5
89231;1;250.0
89235;0;350.0
89236;1;468.47
89237;1;477.0
89242;1;948.3333333333334
89244;1;222.8
89251;1;505.6666666666667
89253;1;922.75
89254;1;1360.5
89263;1;430.67
89269;1;343.3333333333333
89271;1;690.9699999999999
89278;1;812.396
89280;1;333.3333333333333
89287;1;996.5
89291;1;318.0
89296;1;549.3333333333334
89300;1;973.65
89301;1;624.6666666666666
89304;0;448.75
89317;0;519.385
89324;1;652.6650000000002
89328;1;318.0
89330;1;559.0
89331;1;482.6666666666667
89334;0;389.79333333333335
89335;1;582.5
89336;1;917.1375
89338;1;434.4
89346;1;266.6666666666667
89356;1;549.8225
89365;1;1088.0825
89368;1;1390.465
89372;1;740.6666666666666
89373;1;454.6666666666667
89376;1;1175.0
89380;0;397.5
89385;1;780.25
89389;1;600.0
89393;1;337.5
89394;1;600.0
89397;1;666.6666666666666
89406;1;1037.5166666666667
89410;1;1000.0
89413;1;971.41
89414;1;682.115
89421;1;669.3333333333334
89423;1;855.4566666666666
89425;1;1000.0
89427;1;382.05
89430;1;432.6
89442;1;585.105
89443;1;559.72
89444;1;1064.1575
89445;1;1312.3333333333333
89447;1;353.0
89448;1;389.0
89450;1;667.15
89453;1;631.0600000000001
89459;1;665.4133333333333
89463;1;925.0
89467;1;468.225
89478;1;1317.2
89479;0;600.0
89487;1;312.3333333333333
89491;0;767.295
89502;1;85.2
89504;1;220.0
89505;1;1349.9775
89507;1;470.4266666666667
89508;1;715.0
89509;1;668.5
89512;1;954.0
89514;1;874.9975000000002
89515;1;312.34
89518;0;568.5
89519;1;1046.4
89521;1;1155.2224999999999
89522;1;266.6666666666667
89525;1;474.465
89526;1;580.75
89529;1;666.0
89531;1;767.1566666666668
89534;1;717.3333333333334
89539;1;833.25
89541;1;837.5
89547;1;380.0
89548;1;318.00666666666666
89559;1;1007.0
89562;1;477.0
89565;1;561.6666666666666
89568;1;190.8
89575;1;820.6
89579;0;1022.2525
89581;1;638.216
89582;1;623.3333333333334
89583;1;954.0
89586;1;536.5
89588;1;626.0
89589;1;900.0
89590;1;316.2
89592;1;855.0033333333334
89593;1;324.0
89597;1;1064.525
89598;1;500.0
89612;1;875.7966666666667
89614;1;550.0
89615;1;318.0
89619;1;333.71714285714285
89620;0;448.3333333333333
89625;1;1071.1833333333334
89631;0;751.7366666666667
89633;0;725.0
89638;1;544.6666666666666
89639;1;740.75
89645;1;814.46
89647;1;1225.2933333333333
89659;1;378.38166666666666
89660;1;850.0
89661;1;1055.5533333333333
89673;1;450.0
89674;1;1323.39
89678;1;420.65000000000003
89681;1;1128.5
89682;1;1292.82
89683;1;835.58
89684;1;800.0
89688;1;369.0
89692;1;265.0
89693;1;1073.0
89694;1;659.0
89697;1;613.11
89700;1;268.75
89709;1;432.5
89711;1;556.6666666666666
89712;1;1366.2033333333336
89715;1;877.3333333333334
89719;1;1408.8100000000002
89723;1;237.5
89727;1;487.5
89731;1;1186.9
89732;1;1138.7325
89743;1;521.8775
89747;1;328.62
89748;0;768.3333333333334
89761;1;980.182
89762;1;465.5
89767;1;1285.0
89769;0;212.2
89776;1;775.6800000000001
89777;0;1582.0933333333332
89781;0;950.0
89782;1;1100.0
89783;0;925.0
89785;1;477.0
89792;0;1075.0
89793;1;1239.3016666666667
89795;0;483.3333333333333
89798;0;1923.51
89799;1;305.3933333333333
89804;1;650.0
89806;1;667.0
89807;1;1038.775
89809;1;329.026
89810;1;1271.3333333333333
89813;1;212.5
89818;1;548.0
89821;1;425.63000000000005
89826;1;0.0
89828;1;653.75
89832;1;1150.7
89833;1;584.6666666666666
89844;1;530.9159999999999
89848;1;838.2275
89850;0;550.0
89853;1;1129.0
89855;1;569.3333333333334
89858;0;1000.0
89859;1;883.9000000000001
89864;1;583.3333333333334
89865;1;590.365
89868;1;350.44666666666666
89870;1;563.5
89879;1;375.6175
89883;1;1298.295
89894;0;532.58
89896;1;375.005
89897;1;500.0
89901;1;767.56
89902;1;861.8979999999999
89905;1;712.5
89906;0;318.0
89908;0;1466.28
89909;1;529.99
89918;1;773.5
89920;1;702.7525
89925;1;50.0
89926;1;350.0
89929;1;484.25
89934;0;846.4775
89939;1;878.8433333333332
89941;1;965.0
89947;1;566.6666666666666
89953;1;381.6
89956;1;318.0
89957;1;0.0
89962;1;300.0
89965;1;830.8525
89970;1;477.2
89977;1;0.0
89981;1;1019.205
89991;1;425.0
89995;1;375.0
89996;1;318.0
89997;1;916.8575
90000;1;621.985
90001;1;260.0
90004;1;1020.0
90007;1;423.75
90010;1;481.85
90011;1;477.0
90014;1;539.25
90016;1;477.0
90023;0;477.0
90025;1;492.6666666666667
90028;0;1200.0
90033;1;409.0
90036;1;704.52
90039;1;250.0
90042;1;210.415
90043;1;613.77
90045;1;437.0
90047;0;458.3333333333333
90048;0;0.0
90049;1;1206.1933333333334
90051;1;742.6666666666666
90053;1;400.0
90057;1;885.7975
90059;1;730.8
90060;0;1263.3466666666666
90063;1;948.7075
90068;1;427.812
90074;1;1034.35
90084;0;507.0
90085;1;424.3333333333333
90091;1;583.4024999999999
90092;1;433.3333333333333
90094;0;300.0
90095;1;436.31
90098;0;920.0
90101;0;1811.6625
90104;1;454.555
90106;1;400.0
90111;1;1068.5366666666666
90116;1;500.0
90117;1;1028.9733333333334
90121;1;162.33333333333334
90122;1;1360.8833333333334
90127;1;1212.9633333333334
90128;1;323.9925
90132;1;75.0
90136;0;400.0
90137;1;703.75
90138;1;333.3333333333333
90139;1;640.0
90141;1;625.2
90149;1;372.33
90150;1;437.6025
90158;1;218.898
90162;1;636.0
90167;1;1378.325
90170;1;858.7199999999999
90175;1;471.1025
90176;1;890.0
90186;1;739.3520000000001
90187;1;600.0
90188;1;744.35
90190;1;352.0
90193;1;306.0
90202;1;528.3333333333334
90208;1;476.3333333333333
90210;0;900.0
90211;1;673.2775
90212;1;312.3333333333333
90214;1;500.0
90216;1;273.25
90218;1;348.6666666666667
90219;0;608.5
90221;0;1200.0
90222;0;721.4766666666668
90226;1;600.0
90230;1;127.2
90231;1;462.0
90232;1;416.5
90233;1;431.365
90234;1;733.3333333333334
90236;0;400.0
90238;0;453.5825
90241;0;500.0
90243;1;1199.3799999999999
90244;1;630.0
90245;1;400.0
90246;0;336.3975
90247;1;475.0
90250;0;0.0
90259;1;407.0
90262;1;312.3333333333333
90263;1;393.625
90266;1;1290.67
90267;1;880.6666666666666
90273;1;312.3333333333333
90274;0;94.2
90275;1;283.3333333333333
90276;1;450.5225
90277;0;1500.0
90278;0;2162.516666666667
90280;1;192.8
90284;0;456.3157142857143
90290;1;160.83333333333334
90291;1;752.8425
90296;1;703.5
90297;1;655.89
90298;1;400.0
90300;1;678.88
90306;1;875.0
90308;0;1388.6666666666667
90309;0;1133.5675
90315;1;337.0
90319;1;881.4
90320;1;310.0
90321;1;300.0
90324;1;950.0
90332;0;600.0
90334;1;476.0
90338;1;350.0
90346;1;636.0
90351;0;300.0
90361;1;636.0
90362;1;636.0
90364;1;680.11
90365;1;570.0
90371;0;875.0
90376;0;200.0
90377;1;473.628
90579;1;300.0
91576;1;1125.0
92853;1;351.956
93017;1;660.0033333333333
93023;1;312.67333333333335
93175;1;833.3400000000001
93218;1;349.3333333333333
93679;1;666.6666666666666
93732;1;436.00600000000014
94025;1;300.0
94388;1;296.2
94615;1;550.0
95256;1;1090.0
95295;1;1139.575
95466;1;854.325
95481;0;468.5
95501;1;636.0
95538;1;560.0
95541;1;477.005
95545;1;350.0
95551;1;466.6666666666667
95554;0;1414.0
95566;1;625.0
95586;1;0.0
95598;1;233.34
95605;0;303.832
95609;1;700.0
95615;1;413.6666666666667
95617;1;500.0
95625;1;534.25
95654;1;559.44
95685;1;238.5
95687;1;492.5
95696;1;264.8333333333333
95699;1;604.8475
95702;1;400.0
95704;1;468.5
95707;1;612.3333333333334
95712;1;450.0
95721;1;534.5
95723;1;0.0
95728;1;482.5
95734;1;477.0
95751;1;300.0
95752;1;225.0
95757;1;424.53
95765;1;960.0
95770;1;622.5
95777;1;352.0
95778;1;616.5625
95780;0;120.0
95783;1;375.0
95787;1;760.0
95789;0;200.0
95791;1;251.25
95793;1;1065.0
95800;1;723.5975
95803;1;333.3333333333333
95806;1;360.0
95809;1;1657.6225
95810;1;375.0
95811;1;214.22
95817;1;543.0833333333334
95819;1;0.0
95822;1;0.0
95823;1;477.0
95843;1;163.5
95847;1;613.5
95848;1;395.0
95850;1;266.6666666666667
95854;1;687.64
95856;1;518.0
95858;1;250.0
95859;1;500.0
95860;1;575.0
95862;1;813.0
95864;1;590.8
95865;0;234.25
95866;1;0.0
95869;1;873.0
95870;1;318.0
95872;1;0.0
95875;1;250.0
95880;0;137.0
95886;1;1214.7450000000001
95894;1;1104.495
95899;1;325.0
95900;0;1894.0075
95902;1;422.01
95906;1;333.3333333333333
95911;1;1123.5
95913;0;320.0
95914;1;0.0
95916;1;655.0
95918;1;450.0
95921;0;318.0
95922;0;220.0
95926;1;200.0075
95927;0;300.0
95928;1;925.0
95929;0;500.0
95930;1;366.6666666666667
95933;1;0.0
95937;0;0.0
95940;1;1133.3333333333333
95942;1;371.0
95946;1;538.5
95948;1;499.75
95949;0;318.0
95955;1;234.25
95961;1;366.6666666666667
95965;0;1500.0
95967;1;460.0
95970;1;477.0
95981;1;220.13
95982;1;389.875
95984;0;477.0
95988;1;400.0
95997;1;784.25
95999;1;237.5
96002;1;636.0
96006;0;482.95200000000006
96007;0;318.0
96009;0;1744.0614285714287
96012;1;950.0
96013;1;800.0
96015;1;477.0
96016;1;475.0
96017;0;352.0
96018;0;1125.0
96021;1;400.0
96029;0;85.0
96037;1;213.0
96038;1;363.5
96039;1;849.0
96049;1;375.0
96052;1;300.0
96059;1;917.3333333333334
96060;1;375.0
96064;1;701.3333333333334
96065;1;238.75
96068;0;500.0
96080;1;636.0
96086;1;883.9866666666667
96098;1;297.25
96099;1;300.0
96100;1;875.0
96114;1;363.5
96115;1;438.53599999999994
96120;1;550.0
96127;1;732.0
96135;1;592.5
96137;1;395.0
96139;0;933.3333333333334
96141;1;650.0
96143;0;1000.0
96148;1;238.5
96159;1;588.8133333333334
96171;1;830.0
96173;1;825.0
96174;1;700.0
96176;1;318.0
96187;0;300.0
96195;1;250.0
96237;1;300.0
96241;0;0.0
96243;1;794.0
96244;1;600.0
96245;1;214.0
96307;1;477.83
96309;1;900.0
96310;1;420.7266666666667
96311;0;860.3333333333334
96312;0;1702.2733333333333
96316;0;1200.0
96317;1;769.885
96318;1;238.5
96320;1;1000.0075
96321;0;283.02
96322;1;1250.0
96323;0;600.0
96324;1;546.81
96327;1;535.9
96328;1;450.0
96331;1;764.0
96332;1;547.825
96333;1;757.5
96334;1;670.404
96335;1;865.35
96336;0;238.5
96337;1;1178.865
96338;1;505.855
96339;1;995.0
96341;1;1230.71
96343;0;477.0
96344;0;449.72800000000007
96345;1;38.160000000000004
96347;1;1005.9933333333333
96348;0;750.0
96353;1;159.00666666666666
96354;1;556.6666666666666
96356;1;468.5
96358;1;638.6075000000001
96360;1;666.6666666666666
96361;1;600.0
96362;1;671.0
96367;1;783.2633333333333
96368;1;566.6666666666666
96369;1;83.33333333333333
96370;0;600.0
96371;1;1048.5
96374;1;595.336
96375;1;1400.0
96376;1;715.5
96378;1;483.0
96380;1;500.0
96383;1;507.366
96385;1;420.0
96388;0;750.0075000000002
96390;1;318.0
96392;0;519.385
96395;1;426.40333333333336
96396;1;0.0
96397;1;802.5
96398;1;721.4866666666667
96399;1;238.5
96402;1;500.0
96405;1;191.4
96407;1;315.0
96408;1;600.0
96409;1;477.74
96410;0;1322.8880000000001
96411;1;600.0
96412;1;318.0
96413;1;942.0
96417;1;533.3333333333334
96418;1;233.33333333333334
96419;1;200.0
96420;1;266.6666666666667
96421;0;300.0
96424;1;715.5
96425;0;453.5
96427;1;252.2825
96428;1;1030.1999999999998
96429;1;612.0
96430;0;468.5
96431;1;730.0
96432;1;821.97
96433;1;600.0
96436;1;600.005
96438;0;1250.0
96440;0;493.3333333333333
96441;1;750.005
96442;1;458.5
96443;1;600.0
96444;1;925.0
96445;1;522.6666666666666
96446;1;1247.3999999999999
96448;1;615.4
96449;1;700.744
96451;1;925.0
96454;0;366.808
96456;0;287.6
96458;1;1131.315
96459;1;669.02
96460;1;1351.8
96461;1;350.0
96462;1;658.725
96467;0;477.0
96471;1;1150.0
96472;1;695.0
96473;1;450.0
96474;0;400.0
96479;1;1100.0
96481;1;954.0
96482;1;512.4233333333333
96483;0;1000.0
96485;1;398.33599999999996
96486;1;900.0033333333334
96488;1;624.0
96492;1;584.6666666666666
96493;0;0.0
96501;1;1265.0
96504;0;700.0
96506;1;308.75
96508;1;387.0
96511;1;242.5
96513;1;373.3333333333333
96514;1;1117.8
96515;1;1211.5
96516;1;1000.0
96520;1;435.96000000000004
96521;0;1235.0
96522;0;998.0
96523;1;869.0
96527;1;600.0
96529;1;1312.935
96530;1;200.0
96532;1;450.0
96533;1;318.0
96534;0;300.0
96535;0;526.1666666666666
96536;1;318.0
96537;1;954.0
96538;1;650.0
96540;1;1202.41
96541;1;619.0
96543;1;342.3333333333333
96544;1;1000.0
96545;0;750.0
96547;1;530.0
96548;1;1065.0
96550;1;1216.54
96551;1;1101.5
96552;1;925.2166666666667
96556;0;1000.0
96558;1;561.805
96559;1;896.0
96560;1;0.0
96561;0;314.0
96563;1;468.5
96564;0;486.8916666666667
96567;1;237.5
96570;1;675.065
96571;1;1214.7166666666667
96576;1;1040.0040000000001
96577;0;320.0
96579;1;677.0
96580;1;863.5
96581;1;280.0
96584;0;0.0
96585;1;544.25
96586;1;789.025
96591;0;318.0
96592;1;388.505
96593;1;407.5
96595;1;646.8433333333334
96597;0;0.0
96598;1;286.2
96600;1;623.83
96601;1;1402.57
96602;0;750.0
96604;0;370.0
96605;1;926.0
96610;1;487.5
96612;0;483.3333333333333
96615;1;400.0
96617;1;255.0
96622;1;603.275
96624;1;661.5
96625;1;636.0
96627;1;411.226
96628;0;225.33333333333334
96631;1;903.75
96632;1;967.2425000000001
96633;1;200.0
96634;1;1135.4833333333333
96635;1;718.215
96637;1;190.0
96639;1;667.3333333333334
96641;0;1815.0766666666666
96642;1;790.7325000000001
96643;1;318.0
96644;1;233.33333333333334
96651;1;0.0
96653;0;663.7825
96654;1;500.0
96658;1;800.005
96659;1;800.0
96663;1;1072.625
96666;0;2578.682
96669;1;403.57
96673;1;569.1383333333333
96674;1;617.0
96675;0;550.0
96677;1;544.9933333333333
96678;1;400.0
96679;1;711.99
96682;1;130.0
96683;1;942.955
96685;1;1127.365
96686;1;350.0
96688;1;519.35
96689;1;807.155
96691;1;238.5
96694;1;465.0
96696;0;900.0
96697;0;823.5
96698;1;387.8333333333333
96700;0;2000.0
96701;1;592.5
96702;1;770.758
96703;0;2000.0
96706;0;500.0
96708;0;442.33
96716;1;313.3333333333333
96718;0;1361.315
96719;1;894.0066666666667
96724;1;526.75
96725;0;1385.95
96726;0;200.0
96727;1;663.1775
96728;1;362.5
96731;1;477.0
96732;1;680.7025
96738;1;680.0
96744;1;600.0
96745;1;425.0
96747;1;300.0
96749;1;818.1100000000001
96755;1;896.13
96756;1;575.0
96758;1;451.7966666666667
96761;1;200.0075
96764;1;1173.0
96767;0;1824.8775
96768;1;636.0
96770;1;550.0
96773;1;732.5
96774;1;500.0
96775;1;733.3333333333334
96776;1;312.3333333333333
96780;1;989.6525
96781;1;354.6033333333333
96784;1;250.0
96787;1;735.0
96788;0;463.82666666666665
96790;0;1457.4725
96791;1;137.66666666666666
96793;1;450.1675
96794;1;667.3333333333334
96795;0;357.14285714285717
96796;0;500.0
96798;1;750.0
96799;0;0.0
96801;1;984.5966666666667
96802;1;477.0
96804;0;0.0
96806;1;500.005
96807;1;588.53
96808;1;750.0
96809;1;603.285
96810;1;390.3333333333333
96811;1;477.0
96813;1;500.005
96815;1;1080.5833333333333
96817;1;893.7533333333334
96818;1;400.0
96819;0;475.2
96821;1;381.6
96825;1;855.57
96826;1;318.0
96827;1;245.0
96828;1;0.0
96830;1;0.0
96831;1;866.6666666666666
96833;1;875.0
96834;1;1165.1499999999999
96835;0;1333.3333333333333
96836;1;853.6
96838;1;782.7025
96840;0;504.512
96842;1;420.0
96843;1;333.34
96844;1;738.9333333333334
96845;1;434.0
96848;1;804.64
96851;1;800.0
96854;1;667.9133333333333
96855;1;1152.81
96856;1;348.3666666666666
96858;1;577.7975
96859;0;840.0
96860;0;1200.0
96863;1;943.2366666666667
96864;1;1336.01
96866;0;1050.0
96867;1;700.0
96868;1;903.9166666666666
96869;1;937.0
96871;0;300.0
96872;1;450.0
96874;1;464.935
96877;0;1188.9333333333334
96878;0;712.8
96879;1;743.3333333333334
96882;1;200.0
96883;1;925.4100000000001
96885;1;675.0
96886;1;314.486
96887;1;954.0
96888;1;753.394
96889;0;137.5
96890;0;500.0
96892;1;633.3333333333334
96894;1;355.0
96895;1;1251.484
96896;1;162.5
96900;1;951.59
96904;1;692.5
96906;1;687.905
96909;1;1077.67
96910;1;1007.4533333333334
96911;1;150.0
96912;1;569.3333333333334
96914;1;723.6575
96915;1;625.0075
96916;1;916.9466666666667
96917;1;318.0
96919;1;718.005
96920;1;551.7125
96921;1;994.6666666666666
96922;1;720.7625
96923;1;892.7025000000001
96925;0;0.0
96926;0;1919.7525
96927;1;628.615
96929;1;789.1675
96936;1;779.442
96937;1;1345.72
96938;1;800.0
96940;1;250.0
96941;0;750.0
96943;1;0.0
96945;1;788.075
96946;0;1100.0
96947;1;900.0
96949;1;778.0966666666667
96951;1;159.0
96952;1;952.5
96953;1;609.375
96954;0;979.8
96956;1;688.745
96957;0;340.0
96959;1;238.5
96961;1;500.0
96962;1;300.0
96963;1;872.2066666666666
96964;1;583.0
96966;0;714.2633333333333
96969;1;175.0
96970;1;429.6666666666667
96972;1;871.1366666666667
96973;1;650.0
96974;1;436.2
96975;1;300.0
96976;1;500.0
96978;1;200.0
96979;1;333.3333333333333
96980;1;874.255
96982;1;543.455
96983;1;986.5
96985;1;471.7
96987;1;961.0566666666667
96988;1;250.0075
96991;0;600.0
96992;1;287.0
96993;1;470.0
96994;0;764.85
96999;1;1053.3333333333333
97001;1;886.3425
97002;1;704.0
97003;1;516.5
97006;1;773.24
97007;0;985.0
97009;1;400.0
97010;1;796.4
97011;1;488.5
97012;1;478.16999999999996
97013;1;477.0
97014;0;1269.955
97015;1;445.0
97016;1;437.365
97017;1;584.6666666666666
97019;1;634.2250000000001
97022;1;366.67333333333335
97024;0;600.0
97026;1;1116.6666666666667
97028;1;385.6675
97029;1;468.5
97030;1;941.315
97033;1;555.84
97035;1;150.0
97037;1;413.5
97039;1;636.0
97040;1;700.0
97042;1;1419.71
97043;1;477.0
97045;1;743.95
97050;1;657.5
97055;1;150.0
97056;1;532.505
97057;1;845.6666666666666
97058;1;477.0
97060;1;1055.6
97063;1;500.0
97064;1;318.0
97065;1;740.88
97069;1;474.6666666666667
97071;1;268.3225
97078;1;528.445
97081;1;570.0
97082;1;516.2574999999999
97084;1;684.0
97086;0;500.0
97089;1;545.72
97091;1;416.6666666666667
97092;1;533.3333333333334
97094;1;965.0
97095;0;400.5
97100;0;736.0
97104;1;954.0
97106;0;346.0
97107;1;951.3733333333333
97108;1;240.0
97109;1;818.0
97110;1;750.0
97111;1;439.5
97112;0;250.0
97113;1;375.0
97114;0;1344.775
97115;1;918.5
97116;1;509.3
97117;1;245.0
97119;1;1200.0
97120;1;755.0
97121;1;700.0
97123;1;425.3333333333333
97124;0;456.6066666666666
97125;0;404.1066666666666
97131;1;200.0
97132;1;667.6666666666666
97134;1;475.0
97135;1;789.4200000000001
97136;1;333.3333333333333
97137;1;937.3366666666667
97142;1;798.57
97144;0;337.5075
97145;1;400.0
97146;1;678.175
97147;1;537.5
97149;1;0.0
97150;1;510.57
97151;1;224.4
97152;1;238.5
97154;1;477.0
97155;1;537.0799999999999
97156;1;325.0
97158;1;789.06
97159;1;53.333333333333336
97161;1;285.6666666666667
97162;1;400.0
97165;1;1000.0
97166;1;494.10249999999996
97170;1;495.8333333333333
97172;1;116.66666666666667
97173;1;855.5975000000001
97174;1;816.0
97175;1;604.32
97176;1;761.5
97178;0;2257.755
97180;1;663.5
97181;0;729.86
97183;1;340.56333333333333
97201;1;1069.3999999999999
97204;1;575.6666666666666
97205;1;473.6433333333334
97208;0;742.3333333333334
97210;1;125.0
97211;1;180.0
97214;1;418.0
97215;1;349.03999999999996
97216;1;1276.0
97217;1;589.7175
97218;1;575.6899999999999
97222;1;500.0
97226;1;423.0
97228;1;600.0
97232;1;259.0
97233;1;447.0
97236;1;950.0
97238;1;1352.005
97244;1;637.6666666666666
97246;0;0.0
97248;1;1049.21
97249;1;1019.615
97250;0;972.25
97253;1;1385.0
97254;1;910.716
97256;1;1113.0566666666666
97257;1;666.6666666666666
97259;1;660.1333333333333
97260;1;357.75
97264;1;711.88
97265;1;775.32
97266;1;410.3833333333334
97269;1;318.0
97270;0;43.75
97272;1;0.0
97273;1;83.33333333333333
97275;1;675.8825
97276;0;750.0
97278;1;769.3333333333334
97279;1;1000.0
97281;1;1237.02
97282;1;438.65
97284;1;651.6666666666666
97286;0;690.5
97289;1;200.0
97290;1;477.0
97291;1;301.03
97293;1;240.11599999999999
97297;1;248.865
97299;1;83.0
97300;0;150.8775
97301;1;600.005
97305;1;483.5
97306;0;930.0
97309;1;527.52
97312;1;1135.935
97316;0;898.0
97317;1;575.005
97318;1;687.8733333333333
97319;1;500.0
97320;1;1179.1799999999998
97323;1;400.005
97324;0;500.0
97327;1;0.0
97328;0;1489.69
97332;1;318.0
97333;1;1030.4360000000001
97335;1;1154.0
97336;1;625.0
97337;1;1050.8166666666668
97338;1;200.0
97339;0;1477.14
97340;0;343.3333333333333
97343;0;512.6666666666666
97344;1;544.965
97345;1;135.0
97347;0;1439.3333333333333
97348;1;1229.09
97349;1;238.5025
97350;1;257.4
97351;1;530.0
97353;1;464.33666666666664
97354;0;893.5
97356;0;497.53600000000006
97357;1;600.0
97358;1;318.0
97360;1;1314.85
97362;0;1407.1125000000002
97363;1;558.0
97364;0;455.0
97365;1;633.535
97366;1;0.0
97367;1;666.6666666666666
97368;1;1269.755
97370;1;1195.6733333333334
97371;1;650.0
97372;0;429.3
97373;0;532.5
97375;1;463.5
97376;1;450.0
97377;0;477.0
97378;0;381.6666666666667
97379;1;419.0
97380;0;2668.9
97383;1;238.5075
97384;0;475.0
97385;1;569.5450000000001
97386;0;384.6666666666667
97388;1;901.6950000000002
97389;1;750.005
97390;1;1300.0
97391;1;1019.79
97392;1;477.5
97394;1;717.465
97395;1;118.74249999999999
97398;1;285.005
97401;1;233.33666666666667
97404;1;581.6666666666666
97405;1;725.0
97406;1;0.0
97407;1;258.0
97408;1;580.0
97410;1;140.0
97411;1;97.5
97412;1;1180.0
97413;1;500.0
97414;1;987.5
97416;1;666.6666666666666
97417;0;1078.8525
97420;1;532.4466666666666
97424;1;850.0
97426;0;312.5
97427;1;800.0
97428;1;500.0
97431;1;150.0
97432;0;863.0066666666667
97434;1;578.1133333333333
97437;1;318.0
97439;1;0.0
97440;1;727.4649999999999
97441;1;451.25
97442;0;1687.8025000000002
97444;1;662.9175
97445;0;636.0
97447;1;440.69
97449;1;446.3333333333333
97451;0;0.0
97453;0;450.0
97454;1;0.0
97455;1;580.0
97456;0;1311.7066666666667
97457;1;375.0
97458;1;685.2633333333333
97459;0;400.0
97460;1;0.005
97461;1;318.0
97462;1;953.18
97463;0;549.6733333333333
97464;1;1023.4066666666668
97465;0;1900.0
97466;1;470.565
97467;1;475.0
97468;1;627.0
97469;1;403.71000000000004
97470;1;923.9699999999999
97471;1;468.5
97472;1;600.0
97473;1;1022.0
97474;1;230.33333333333334
97475;1;602.4100000000001
97476;0;480.0
97477;1;600.0
97479;1;233.33333333333334
97481;1;1346.5266666666666
97482;0;318.0
97483;0;500.0
97484;0;500.0
97486;0;0.0
97487;1;692.2566666666667
97488;1;700.3333333333334
97489;1;833.3333333333334
97490;1;600.0
97491;0;1065.0
97493;1;717.37
97494;1;477.0
97495;1;636.0
97496;1;318.00666666666666
97497;1;954.0
97498;1;728.46
97499;0;817.49
97500;1;477.0
97502;1;1344.026
97503;1;961.015
97505;0;527.6033333333334
97510;0;616.6666666666666
97511;0;1000.0
97512;1;503.22333333333336
97513;1;355.0
97515;1;600.0
97517;0;770.0
97519;1;1184.08
97520;1;187.4
97521;1;238.5
97522;1;588.8275000000001
97523;1;100.0
97526;0;458.3333333333333
97527;1;725.0025
97528;1;264.1525
97529;1;266.25
97530;1;727.0
97531;1;339.226
97532;1;1119.0
97533;1;317.92
97534;1;335.5
97536;1;333.3333333333333
97537;1;633.96
97539;1;477.005
97540;1;510.8425
97541;1;500.005
97543;0;318.0
97544;1;492.325
97545;1;215.0
97546;1;949.895
97547;1;1000.0
97549;1;670.0
97550;1;250.0
97551;1;425.0
97552;1;1204.88
97555;1;0.0
97556;1;833.3333333333334
97557;1;636.0
97558;1;688.875
97560;1;316.31333333333333
97561;1;477.0
97564;1;849.25
97565;0;0.0
97566;1;492.6666666666667
97567;0;468.35166666666663
97569;1;669.3333333333334
97570;1;530.0
97572;1;791.315
97573;1;678.3333333333334
97575;1;311.9
97576;1;348.066
97579;1;477.0
97581;1;477.15
97584;1;417.0
97586;1;610.505
97587;1;976.6400000000001
97588;1;671.6666666666666
97589;1;1318.0
97590;1;1369.3966666666668
97593;1;485.0
97594;0;577.25
97595;1;901.2774999999999
97596;1;344.9266666666667
97597;0;300.0
97598;0;333.3333333333333
97599;1;1133.5
97600;1;355.00333333333333
97601;1;534.2275
97602;1;533.8350000000002
97603;0;890.2283333333334
97604;0;569.0825
97606;0;996.6666666666666
97608;1;627.1225
97609;1;658.5699999999999
97612;1;704.6666666666666
97613;1;1182.8
97615;0;1124.25
97617;1;650.0033333333333
97619;1;750.0
97621;1;318.0
97622;1;954.0
97623;1;1116.9750000000001
97624;1;1116.9750000000001
97625;1;276.6666666666667
97626;0;318.0
97627;1;591.1666666666666
97632;1;450.0
97633;1;1036.4466666666667
97634;0;212.5
97635;1;850.0
97637;1;687.75
97638;1;1369.3
97639;1;417.6
97640;1;238.5
97642;1;578.75
97643;1;950.41
97644;1;739.6666666666666
97645;1;1161.4924999999998
97648;1;954.0
97650;1;1141.41
97651;1;0.0
97654;1;1299.5
97655;0;673.9066666666666
97656;0;1077.3333333333333
97657;1;250.0075
97658;1;868.25
97660;0;857.3333333333334
97662;0;700.0
97664;1;377.53999999999996
97665;0;345.75
97666;0;0.0
97667;0;992.0
97668;0;0.01
97669;1;542.4
97670;1;477.005
97672;0;673.9066666666666
97673;1;787.5
97674;1;677.27
97675;1;318.0
97677;1;574.392
97678;1;572.4
97680;1;1369.9966666666667
97682;0;1050.0
97685;0;940.73
97688;0;1402.565
97692;1;300.0
97693;1;540.69
97697;1;333.3333333333333
97698;1;954.0
97699;1;974.3733333333333
97700;1;0.0
97701;1;586.53
97702;1;433.3333333333333
97703;0;1165.2
97704;1;950.0
97705;0;477.0
97706;1;614.7657142857142
97708;1;194.4
97710;0;1346.925
97711;1;0.0
97712;1;1298.778
97716;1;493.11
97718;1;564.0066666666667
97719;1;401.75
97722;1;600.0
97723;1;421.66499999999996
97724;1;498.5540000000001
97725;0;382.5
97728;1;1225.0
97729;1;225.25
97731;1;1160.2633333333333
97733;0;1576.804285714286
97734;0;840.2133333333333
97735;1;1038.1875
97736;1;430.0
97739;0;300.0
97740;1;250.0
97741;1;338.1875
97743;1;505.63000000000005
97745;1;988.5025
97746;1;1000.0
97747;0;424.6666666666667
97748;1;425.3533333333333
97750;1;625.0
97751;1;1000.0
97752;1;525.0375
97753;1;0.0
97754;1;625.0
97755;0;581.0799999999999
97756;1;636.0
97757;0;1250.0
97760;1;810.145
97761;1;150.0075
97762;0;1200.0
97764;1;685.0
97765;1;477.005
97766;1;500.5
97767;1;564.8266666666667
97768;1;1304.54
97769;0;0.0
97771;1;1313.6575
97772;1;282.0
97773;0;1378.3333333333333
97774;0;700.37
97775;0;1300.0
97777;1;857.2966666666667
97779;1;920.0
97782;1;3486.3925
97786;1;446.5
97787;1;904.0
97788;0;1250.0
97790;1;545.75
97791;0;800.0
97793;1;600.0
97795;0;1094.8700000000001
97796;1;799.3625
97803;1;355.0
97804;1;486.084
97805;1;400.0
97806;1;1000.0
97807;1;607.9699999999999
97808;0;1390.955
97816;0;900.0
97817;1;955.0
97818;1;988.0
97820;1;1255.9275
97823;0;619.4200000000001
97824;1;494.5
97825;0;520.0
97826;1;477.0
97827;0;802.6666666666666
97829;1;666.6733333333333
97831;0;1076.3274999999999
97832;0;1207.0
97833;0;400.0
97834;1;318.00666666666666
97836;1;381.6
97837;1;333.3333333333333
97840;1;680.0959999999999
97841;0;1325.0
97842;0;1247.015
97844;0;902.558
97845;1;242.8
97848;1;175.0
97850;1;584.67
97851;1;318.0
97855;1;919.0466666666666
97856;1;340.0
97857;0;1875.0
97858;1;541.0425
97859;0;239.5
97863;1;650.0
97864;0;508.8
97865;0;318.0
97867;1;500.0
97870;0;0.0
97872;0;1300.0
97874;0;770.4575
97875;1;774.4066666666668
97878;1;369.4216666666666
97881;1;562.5075000000002
97884;1;451.3333333333333
97885;1;316.25
97886;0;342.66499999999996
97889;1;954.0
97891;1;328.06666666666666
97895;0;770.4575
97898;1;1400.0
97901;1;873.86
97903;1;1388.0
97907;0;775.0
97908;1;954.005
97914;0;775.0
97915;0;300.0
97917;1;1060.58
97920;0;330.004
97921;0;220.00799999999998
97924;0;0.0
97927;1;583.4933333333333
97928;1;457.54333333333335
97929;1;946.46
97933;1;895.2166666666667
97935;1;905.6
97938;0;266.6666666666667
97940;0;833.3333333333334
97942;1;283.3333333333333
97944;1;609.25
97945;1;1380.0
97947;1;103.33333333333333
97948;0;453.1933333333333
97951;1;691.6574999999999
97958;1;737.0
97965;1;242.28571428571428
97967;0;1250.0
97969;0;906.0
97970;0;663.75
97971;0;0.0
97973;1;1195.5566666666666
97980;1;300.0
97981;1;478.005
97989;1;125.2525
97991;1;341.53999999999996
97993;1;500.00666666666666
97995;1;125.0
97996;1;750.005
97997;1;401.5571428571428
97998;1;430.742
98002;1;318.0
98003;1;0.01
98021;1;623.0216666666669
98041;1;1.0
